date,created_account,withdraw_account,exist_users,created_order,quantity,profit,total_quantity,total_account_exists,total_profit
2020-01-02,0,0,0,0,0,0,0,0,0
2020-01-03,2,0,3,0,0,0,0,2,0
2020-01-04,0,0,1,0,0,0,0,2,0
2020-01-05,0,0,0,0,0,0,0,2,0
2020-01-06,0,0,0,0,0,0,0,2,0
2020-01-07,0,0,0,0,0,0,0,2,0
2020-01-08,0,0,0,0,0,0,0,2,0
2020-01-09,3,0,8,2,2,385318.00,2,5,385318.00
2020-01-10,0,0,6,2,4,760692.00,6,5,1146010.00
2020-01-11,1,0,10,4,10,1508883.00,16,6,2654893.00
2020-01-12,1,0,12,6,10,1498985.00,26,7,4153878.00
2020-01-13,0,0,3,2,2,245463.00,28,7,4399341.00
2020-01-14,1,0,1,0,0,0,28,8,4399341.00
2020-01-15,0,0,1,1,18,2645742.00,46,8,7045083.00
2020-01-16,2,0,5,1,16,2647424.00,62,10,9692507.00
2020-01-17,0,0,5,1,13,2011306.00,75,10,11703813.00
2020-01-18,0,0,3,1,5,797280.00,80,10,12501093.00
2020-01-19,0,0,3,0,0,0,80,10,12501093.00
2020-01-20,0,0,4,0,0,0,80,10,12501093.00
2020-01-21,1,0,9,4,8,1038356.00,88,11,13539449.00
2020-01-22,1,0,3,0,0,0,88,12,13539449.00
2020-01-23,0,0,3,1,12,1582377.00,100,12,15121826.00
2020-01-24,1,0,3,2,3,339075.00,103,13,15460901.00
2020-01-25,0,0,8,2,13,2391023.00,116,13,17851924.00
2020-01-26,0,0,5,0,0,0,116,13,17851924.00
2020-01-27,0,0,7,2,7,920010.00,123,13,18771934.00
2020-01-28,1,0,4,1,2,319370.00,125,14,19091304.00
2020-01-29,2,0,2,0,0,0,125,16,19091304.00
2020-01-30,1,0,4,1,9,1330018.00,134,17,20421322.00
2020-01-31,1,0,4,1,9,1197739.00,143,18,21619061.00
2020-02-01,0,0,5,1,5,924313.00,148,18,22543374.00
2020-02-02,2,0,8,1,11,1385558.00,159,20,23928932.00
2020-02-03,0,0,3,2,3,399996.00,162,20,24328928.00
2020-02-04,0,0,3,1,13,2315005.00,175,20,26643933.00
2020-02-05,2,0,3,0,0,0,175,22,26643933.00
2020-02-06,1,0,5,4,5,677117.00,180,23,27321050.00
2020-02-07,1,0,5,0,0,0,180,24,27321050.00
2020-02-08,0,0,4,1,8,1148299.00,188,24,28469349.00
2020-02-09,0,0,2,0,0,0,188,24,28469349.00
2020-02-10,0,0,2,0,0,0,188,24,28469349.00
2020-02-11,0,0,2,1,3,345042.00,191,24,28814391.00
2020-02-12,1,0,5,0,0,0,191,25,28814391.00
2020-02-13,2,0,2,0,0,0,191,27,28814391.00
2020-02-14,1,0,4,2,6,743827.00,197,28,29558218.00
2020-02-15,1,0,5,0,0,0,197,29,29558218.00
2020-02-16,1,0,6,4,2,286500.00,199,30,29844718.00
2020-02-17,0,0,4,2,4,671488.00,203,30,30516206.00
2020-02-18,0,0,0,0,0,0,203,30,30516206.00
2020-02-19,1,0,2,0,0,0,203,31,30516206.00
2020-02-20,1,0,4,0,0,0,203,32,30516206.00
2020-02-21,1,0,6,1,8,1061879.00,211,33,31578085.00
2020-02-22,0,0,1,1,22,2760137.00,233,33,34338222.00
2020-02-23,1,0,1,0,0,0,233,34,34338222.00
2020-02-24,0,0,1,1,14,1925366.00,247,34,36263588.00
2020-02-25,0,0,3,0,0,0,247,34,36263588.00
2020-02-26,0,0,7,2,9,1156095.00,256,34,37419683.00
2020-02-27,1,0,2,0,0,0,256,35,37419683.00
2020-02-28,1,0,2,0,0,0,256,36,37419683.00
2020-02-29,2,0,4,1,10,1625965.00,266,38,39045648.00
2020-03-01,1,0,5,0,0,0,266,39,39045648.00
2020-03-02,1,0,2,1,5,574235.00,271,40,39619883.00
2020-03-03,1,0,5,1,3,419111.00,274,41,40038994.00
2020-03-04,0,0,2,1,10,1326020.00,284,41,41365014.00
2020-03-05,0,0,1,0,0,0,284,41,41365014.00
2020-03-06,0,0,2,0,0,0,284,41,41365014.00
2020-03-07,1,0,4,2,12,1452579.00,296,42,42817593.00
2020-03-08,0,0,2,0,0,0,296,42,42817593.00
2020-03-09,1,0,5,1,15,2427062.00,311,43,45244655.00
2020-03-10,0,0,3,2,6,787123.00,317,43,46031778.00
2020-03-11,0,0,6,0,0,0,317,43,46031778.00
2020-03-12,2,0,4,1,18,2216203.00,335,45,48247981.00
2020-03-13,0,0,2,1,4,630340.00,339,45,48878321.00
2020-03-14,1,0,3,0,0,0,339,46,48878321.00
2020-03-15,0,0,3,0,0,0,339,46,48878321.00
2020-03-16,5,0,9,1,11,1607048.00,350,51,50485369.00
2020-03-17,0,0,2,1,6,907713.00,356,51,51393082.00
2020-03-18,0,0,5,1,4,707588.00,360,51,52100670.00
2020-03-19,2,0,3,1,14,2103741.00,374,53,54204411.00
2020-03-20,1,0,3,1,10,1387614.00,384,54,55592025.00
2020-03-21,0,0,4,0,0,0,384,54,55592025.00
2020-03-22,0,0,4,0,0,0,384,54,55592025.00
2020-03-23,0,0,3,1,19,2808906.00,403,54,58400931.00
2020-03-24,0,0,3,1,17,2446108.00,420,54,60847039.00
2020-03-25,0,0,1,0,0,0,420,54,60847039.00
2020-03-26,0,0,7,1,11,1535276.00,431,54,62382315.00
2020-03-27,0,0,1,0,0,0,431,54,62382315.00
2020-03-28,2,0,6,0,0,0,431,56,62382315.00
2020-03-29,0,0,0,0,0,0,431,56,62382315.00
2020-03-30,1,0,5,2,8,1270461.00,439,57,63652776.00
2020-03-31,0,0,1,1,6,796551.00,445,57,64449327.00
2020-04-01,1,0,8,2,9,1405190.00,454,58,65854517.00
2020-04-02,0,0,5,1,5,646115.00,459,58,66500632.00
2020-04-03,0,0,3,1,12,1960840.00,471,58,68461472.00
2020-04-04,0,0,7,2,10,1435320.00,481,58,69896792.00
2020-04-05,0,0,5,0,0,0,481,58,69896792.00
2020-04-06,0,0,3,2,7,1187980.00,488,58,71084772.00
2020-04-07,1,0,6,1,1,128236.00,489,59,71213008.00
2020-04-08,0,0,2,1,11,1670757.00,500,59,72883765.00
2020-04-09,0,0,3,1,15,2584500.00,515,59,75468265.00
2020-04-10,1,0,3,1,2,291816.00,517,60,75760081.00
2020-04-11,1,0,8,4,10,1439412.00,527,61,77199493.00
2020-04-12,0,0,6,0,0,0,527,61,77199493.00
2020-04-13,0,0,1,0,0,0,527,61,77199493.00
2020-04-14,1,0,3,0,0,0,527,62,77199493.00
2020-04-15,1,0,7,1,18,2755871.00,545,63,79955364.00
2020-04-16,0,0,3,1,14,2178859.00,559,63,82134223.00
2020-04-17,2,0,5,3,14,1973336.00,573,65,84107559.00
2020-04-18,0,0,4,1,5,879680.00,578,65,84987239.00
2020-04-19,0,0,1,0,0,0,578,65,84987239.00
2020-04-20,1,0,2,0,0,0,578,66,84987239.00
2020-04-21,1,0,4,0,0,0,578,67,84987239.00
2020-04-22,0,0,6,2,8,997301.00,586,67,85984540.00
2020-04-23,0,0,5,1,4,514412.00,590,67,86498952.00
2020-04-24,1,0,4,2,15,2211580.00,605,68,88710532.00
2020-04-25,0,0,0,0,0,0,605,68,88710532.00
2020-04-26,0,0,3,1,7,1155311.00,612,68,89865843.00
2020-04-27,0,0,3,1,12,1514572.00,624,68,91380415.00
2020-04-28,0,0,4,3,5,663084.00,629,68,92043499.00
2020-04-29,0,0,1,0,0,0,629,68,92043499.00
2020-04-30,0,0,4,1,13,1972466.00,642,68,94015965.00
2020-05-01,1,0,5,3,8,1381016.00,650,69,95396981.00
2020-05-02,0,0,6,1,5,678607.00,655,69,96075588.00
2020-05-03,1,0,2,0,0,0,655,70,96075588.00
2020-05-04,1,0,8,1,5,858779.00,660,71,96934367.00
2020-05-05,0,0,4,3,13,1936673.00,673,71,98871040.00
2020-05-06,0,0,4,1,10,1341049.00,683,71,100212089.00
2020-05-07,0,0,2,0,0,0,683,71,100212089.00
2020-05-08,1,0,2,0,0,0,683,72,100212089.00
2020-05-09,1,0,2,0,0,0,683,73,100212089.00
2020-05-10,0,0,2,0,0,0,683,73,100212089.00
2020-05-11,1,0,5,2,15,2219802.00,698,74,102431891.00
2020-05-12,0,0,4,0,0,0,698,74,102431891.00
2020-05-13,0,0,3,0,0,0,698,74,102431891.00
2020-05-14,0,0,1,0,0,0,698,74,102431891.00
2020-05-15,1,0,5,2,12,1650051.00,710,75,104081942.00
2020-05-16,0,0,5,2,4,638740.00,714,75,104720682.00
2020-05-17,1,0,5,0,0,0,714,76,104720682.00
2020-05-18,0,0,4,0,0,0,714,76,104720682.00
2020-05-19,4,0,9,1,2,318912.00,716,80,105039594.00
2020-05-20,0,0,4,2,3,374104.00,719,80,105413698.00
2020-05-21,0,0,9,3,8,951815.00,727,80,106365513.00
2020-05-22,2,0,10,3,7,1091009.00,734,82,107456522.00
2020-05-23,1,0,4,1,3,502147.00,737,83,107958669.00
2020-05-24,0,0,1,0,0,0,737,83,107958669.00
2020-05-25,1,0,4,0,0,0,737,84,107958669.00
2020-05-26,0,0,4,2,7,980800.00,744,84,108939469.00
2020-05-27,1,0,5,1,7,1116888.00,751,85,110056357.00
2020-05-28,1,0,5,1,3,399924.00,754,86,110456281.00
2020-05-29,0,0,5,2,15,2216687.00,769,86,112672968.00
2020-05-30,2,0,7,3,8,1052841.00,777,88,113725809.00
2020-05-31,0,0,5,0,0,0,777,88,113725809.00
2020-06-01,0,0,4,2,16,2310801.00,793,88,116036610.00
2020-06-02,1,0,1,0,0,0,793,89,116036610.00
2020-06-03,0,0,9,7,15,2117174.00,808,89,118153784.00
2020-06-04,0,0,6,2,11,1541017.00,819,89,119694801.00
2020-06-05,0,0,6,1,2,288820.00,821,89,119983621.00
2020-06-06,1,0,9,1,6,697140.00,827,90,120680761.00
2020-06-07,2,0,7,2,10,1659280.00,837,92,122340041.00
2020-06-08,0,0,2,1,14,2004370.00,851,92,124344411.00
2020-06-09,0,0,4,2,2,266664.00,853,92,124611075.00
2020-06-10,0,0,1,1,5,744990.00,858,92,125356065.00
2020-06-11,1,0,3,2,13,1753924.00,871,93,127109989.00
2020-06-12,1,0,5,2,21,2756957.00,892,94,129866946.00
2020-06-13,0,0,4,1,2,226050.00,894,94,130092996.00
2020-06-14,0,0,6,2,9,1378857.00,903,94,131471853.00
2020-06-15,0,0,3,1,21,3044291.00,924,94,134516144.00
2020-06-16,1,0,7,1,1,195413.00,925,95,134711557.00
2020-06-17,1,0,6,1,1,133311.00,926,96,134844868.00
2020-06-18,1,0,9,2,8,1309614.00,934,97,136154482.00
2020-06-19,1,0,5,1,10,1619139.00,944,98,137773621.00
2020-06-20,0,0,3,3,8,1279617.00,952,98,139053238.00
2020-06-21,0,0,7,1,12,1579278.00,964,98,140632516.00
2020-06-22,2,0,7,0,0,0,964,100,140632516.00
2020-06-23,0,0,7,1,9,1047161.00,973,100,141679677.00
2020-06-24,1,0,14,5,14,1988262.00,987,101,143667939.00
2020-06-25,2,0,12,6,10,1354592.00,997,103,145022531.00
2020-06-26,0,0,4,0,0,0,997,103,145022531.00
2020-06-27,0,0,6,1,16,2640026.00,1013,103,147662557.00
2020-06-28,0,0,5,1,1,129223.00,1014,103,147791780.00
2020-06-29,0,0,11,4,8,1143088.00,1022,103,148934868.00
2020-06-30,0,0,6,3,7,1009140.00,1029,103,149944008.00
2020-07-01,1,0,12,5,9,1486373.00,1038,104,151430381.00
2020-07-02,1,0,11,3,13,1918755.00,1051,105,153349136.00
2020-07-03,0,0,5,1,5,787925.00,1056,105,154137061.00
2020-07-04,0,0,8,1,2,363446.00,1058,105,154500507.00
2020-07-05,0,0,9,4,3,559761.00,1061,105,155060268.00
2020-07-06,1,0,9,2,8,1352381.00,1069,106,156412649.00
2020-07-07,1,0,7,1,3,379896.00,1072,107,156792545.00
2020-07-08,0,0,9,5,13,2020888.00,1085,107,158813433.00
2020-07-09,0,0,4,2,8,1302630.00,1093,107,160116063.00
2020-07-10,0,0,10,0,0,0,1093,107,160116063.00
2020-07-11,0,0,8,2,9,1208971.00,1102,107,161325034.00
2020-07-12,0,0,8,1,10,1265136.00,1112,107,162590170.00
2020-07-13,2,0,12,1,5,826851.00,1117,109,163417021.00
2020-07-14,0,0,9,2,3,350484.00,1120,109,163767505.00
2020-07-15,2,0,10,3,3,523215.00,1123,111,164290720.00
2020-07-16,1,0,10,0,0,0,1123,112,164290720.00
2020-07-17,1,0,12,5,9,1329544.00,1132,113,165620264.00
2020-07-18,0,0,8,3,7,981242.00,1139,113,166601506.00
2020-07-19,0,0,4,2,14,2024894.00,1153,113,168626400.00
2020-07-20,0,0,15,1,9,1160966.00,1162,113,169787366.00
2020-07-21,1,0,14,3,11,1651293.00,1173,114,171438659.00
2020-07-22,1,0,12,5,3,483017.00,1176,115,171921676.00
2020-07-23,1,0,11,1,10,1570778.00,1186,116,173492454.00
2020-07-24,1,0,12,5,10,1155146.00,1196,117,174647600.00
2020-07-25,1,0,9,0,0,0,1196,118,174647600.00
2020-07-26,0,0,14,2,4,791648.00,1200,118,175439248.00
2020-07-27,0,0,9,0,0,0,1200,118,175439248.00
2020-07-28,1,0,15,5,7,840326.00,1207,119,176279574.00
2020-07-29,0,0,6,2,15,2262122.00,1222,119,178541696.00
2020-07-30,1,0,7,1,18,2779284.00,1240,120,181320980.00
2020-07-31,0,0,13,3,15,2000684.00,1255,120,183321664.00
2020-08-01,0,0,9,2,10,1542594.00,1265,120,184864258.00
2020-08-02,2,0,15,5,10,1597029.00,1275,122,186461287.00
2020-08-03,0,0,9,4,9,1327487.00,1284,122,187788774.00
2020-08-04,0,0,10,2,16,2056945.00,1300,122,189845719.00
2020-08-05,0,0,8,2,3,459738.00,1303,122,190305457.00
2020-08-06,0,0,14,2,17,2558108.00,1320,122,192863565.00
2020-08-07,0,0,13,4,13,2087166.00,1333,122,194950731.00
2020-08-08,0,0,5,1,12,1505844.00,1345,122,196456575.00
2020-08-09,0,0,19,4,14,2034474.00,1359,122,198491049.00
2020-08-10,1,0,11,1,15,2090355.00,1374,123,200581404.00
2020-08-11,3,0,9,2,13,1701965.00,1387,126,202283369.00
2020-08-12,1,0,7,1,8,1134117.00,1395,127,203417486.00
2020-08-13,0,0,5,2,16,2242201.00,1411,127,205659687.00
2020-08-14,0,0,8,3,7,1041420.00,1418,127,206701107.00
2020-08-15,0,0,8,2,5,664304.00,1423,127,207365411.00
2020-08-16,1,0,12,3,9,1272189.00,1432,128,208637600.00
2020-08-17,0,0,6,0,0,0,1432,128,208637600.00
2020-08-18,1,0,12,3,10,1378588.00,1442,129,210016188.00
2020-08-19,0,0,14,5,20,2876054.00,1462,129,212892242.00
2020-08-20,0,0,6,3,2,355118.00,1464,129,213247360.00
2020-08-21,0,0,16,2,14,1853154.00,1478,129,215100514.00
2020-08-22,0,0,9,2,4,447918.00,1482,129,215548432.00
2020-08-23,1,0,13,3,22,2658475.00,1504,130,218206907.00
2020-08-24,2,0,25,11,5,886348.00,1509,132,219093255.00
2020-08-25,1,0,11,4,11,1710108.00,1520,133,220803363.00
2020-08-26,1,0,22,8,1,126646.00,1521,134,220930009.00
2020-08-27,0,0,15,3,13,2196694.00,1534,134,223126703.00
2020-08-28,2,0,15,6,11,1642309.00,1545,136,224769012.00
2020-08-29,1,0,14,5,1,116619.00,1546,137,224885631.00
2020-08-30,0,0,12,3,3,472755.00,1549,137,225358386.00
2020-08-31,0,0,16,3,15,2242367.00,1564,137,227600753.00
2020-09-01,0,0,13,2,12,1831064.00,1576,137,229431817.00
2020-09-02,0,0,11,7,13,2216006.00,1589,137,231647823.00
2020-09-03,2,0,5,0,0,0,1589,139,231647823.00
2020-09-04,2,0,11,1,8,1181988.00,1597,141,232829811.00
2020-09-05,1,0,4,1,16,2806410.00,1613,142,235636221.00
2020-09-06,1,0,4,0,0,0,1613,143,235636221.00
2020-09-07,1,0,16,8,20,3052874.00,1633,144,238689095.00
2020-09-08,0,0,15,3,11,2007646.00,1644,144,240696741.00
2020-09-09,0,0,6,1,11,1629726.00,1655,144,242326467.00
2020-09-10,2,0,8,1,6,758916.00,1661,146,243085383.00
2020-09-11,0,0,13,7,7,1133703.00,1668,146,244219086.00
2020-09-12,0,0,9,2,6,947967.00,1674,146,245167053.00
2020-09-13,0,0,8,3,7,897537.00,1681,146,246064590.00
2020-09-14,0,0,12,1,7,862854.00,1688,146,246927444.00
2020-09-15,0,0,13,5,6,857371.00,1694,146,247784815.00
2020-09-16,1,0,10,2,12,1914900.00,1706,147,249699715.00
2020-09-17,2,0,12,3,2,258728.00,1708,149,249958443.00
2020-09-18,0,0,6,0,0,0,1708,149,249958443.00
2020-09-19,0,0,10,1,8,1337626.00,1716,149,251296069.00
2020-09-20,1,0,11,5,7,1097961.00,1723,150,252394030.00
2020-09-21,2,0,16,5,12,1544341.00,1735,152,253938371.00
2020-09-22,0,0,8,1,3,514783.00,1738,152,254453154.00
2020-09-23,0,0,4,2,11,1422835.00,1749,152,255875989.00
2020-09-24,0,0,13,2,13,2021888.00,1762,152,257897877.00
2020-09-25,0,0,10,5,5,654880.00,1767,152,258552757.00
2020-09-26,0,0,8,4,7,1052630.00,1774,152,259605387.00
2020-09-27,0,0,12,6,15,2028163.00,1789,152,261633550.00
2020-09-28,4,0,17,4,3,492669.00,1792,156,262126219.00
2020-09-29,0,0,15,6,12,1589045.00,1804,156,263715264.00
2020-09-30,0,0,8,2,7,963441.00,1811,156,264678705.00
2020-10-01,2,0,10,1,10,1610309.00,1821,158,266289014.00
2020-10-02,1,0,12,5,4,533232.00,1825,159,266822246.00
2020-10-03,1,0,5,3,17,2114616.00,1842,160,268936862.00
2020-10-04,0,0,12,3,1,177559.00,1843,160,269114421.00
2020-10-05,1,0,12,2,16,2189248.00,1859,161,271303669.00
2020-10-06,1,0,15,5,7,863888.00,1866,162,272167557.00
2020-10-07,2,0,10,3,8,1295633.00,1874,164,273463190.00
2020-10-08,0,0,11,2,9,1012125.00,1883,164,274475315.00
2020-10-09,1,0,11,5,14,1870780.00,1897,165,276346095.00
2020-10-10,0,0,10,1,18,2727756.00,1915,165,279073851.00
2020-10-11,2,0,17,7,10,1414466.00,1925,167,280488317.00
2020-10-12,0,0,10,3,4,533307.00,1929,167,281021624.00
2020-10-13,2,0,11,1,9,1214205.00,1938,169,282235829.00
2020-10-14,1,0,14,1,15,2235344.00,1953,170,284471173.00
2020-10-15,1,0,13,3,12,1882491.00,1965,171,286353664.00
2020-10-16,0,0,6,2,11,1556853.00,1976,171,287910517.00
2020-10-17,0,0,14,3,9,1571331.00,1985,171,289481848.00
2020-10-18,0,0,11,3,9,1405344.00,1994,171,290887192.00
2020-10-19,1,0,14,5,14,1946938.00,2008,172,292834130.00
2020-10-20,0,0,9,2,16,2463339.00,2024,172,295297469.00
2020-10-21,1,0,11,3,2,290558.00,2026,173,295588027.00
2020-10-22,0,0,10,3,14,1823444.00,2040,173,297411471.00
2020-10-23,0,0,10,0,0,0,2040,173,297411471.00
2020-10-24,3,0,15,3,10,1221721.00,2050,176,298633192.00
2020-10-25,0,0,11,6,5,932935.00,2055,176,299566127.00
2020-10-26,2,0,14,5,15,2014606.00,2070,178,301580733.00
2020-10-27,0,0,8,0,0,0,2070,178,301580733.00
2020-10-28,0,0,9,2,1,133311.00,2071,178,301714044.00
2020-10-29,0,0,6,3,11,1623552.00,2082,178,303337596.00
2020-10-30,1,0,17,2,4,628165.00,2086,179,303965761.00
2020-10-31,0,0,17,5,9,1433881.00,2095,179,305399642.00
2020-11-01,0,0,9,6,11,1509812.00,2106,179,306909454.00
2020-11-02,2,0,19,7,10,1423590.00,2116,181,308333044.00
2020-11-03,0,0,13,3,13,1902482.00,2129,181,310235526.00
2020-11-04,1,0,11,0,0,0,2129,182,310235526.00
2020-11-05,0,0,6,1,8,1082943.00,2137,182,311318469.00
2020-11-06,1,0,11,1,14,1882454.00,2151,183,313200923.00
2020-11-07,3,0,16,3,16,2384841.00,2167,186,315585764.00
2020-11-08,0,0,17,4,10,1469200.00,2177,186,317054964.00
2020-11-09,0,0,15,6,2,380346.00,2179,186,317435310.00
2020-11-10,0,0,13,3,14,2233749.00,2193,186,319669059.00
2020-11-11,1,0,9,3,3,529949.00,2196,187,320199008.00
2020-11-12,0,0,11,3,5,574235.00,2201,187,320773243.00
2020-11-13,0,0,12,4,3,478368.00,2204,187,321251611.00
2020-11-14,2,0,11,1,8,1013483.00,2212,189,322265094.00
2020-11-15,1,0,19,7,16,2716504.00,2228,190,324981598.00
2020-11-16,2,0,15,6,9,1355285.00,2237,192,326336883.00
2020-11-17,0,0,8,3,11,1321709.00,2248,192,327658592.00
2020-11-18,0,0,16,9,1,157585.00,2249,192,327816177.00
2020-11-19,1,0,11,2,4,707588.00,2253,193,328523765.00
2020-11-20,0,0,15,2,16,2312322.00,2269,193,330836087.00
2020-11-21,1,0,13,5,12,1887898.00,2281,194,332723985.00
2020-11-22,3,0,13,2,16,2128974.00,2297,197,334852959.00
2020-11-23,2,0,15,0,0,0,2297,199,334852959.00
2020-11-24,0,0,20,10,10,1127510.00,2307,199,335980469.00
2020-11-25,1,0,13,3,9,1273946.00,2316,200,337254415.00
2020-11-26,1,0,15,2,14,1818243.00,2330,201,339072658.00
2020-11-27,1,0,13,3,5,670730.00,2335,202,339743388.00
2020-11-28,2,0,15,3,19,3174383.00,2354,204,342917771.00
2020-11-29,1,0,17,5,12,1860142.00,2366,205,344777913.00
2020-11-30,0,0,7,3,15,2391455.00,2381,205,347169368.00
2020-12-01,0,0,9,4,9,1327946.00,2390,205,348497314.00
2020-12-02,1,0,12,0,0,0,2390,206,348497314.00
2020-12-03,0,0,16,4,12,1827790.00,2402,206,350325104.00
2020-12-04,0,0,12,7,1,186587.00,2403,206,350511691.00
2020-12-05,1,0,20,3,5,657900.00,2408,207,351169591.00
2020-12-06,1,0,8,0,0,0,2408,208,351169591.00
2020-12-07,0,0,15,5,4,760692.00,2412,208,351930283.00
2020-12-08,0,0,20,7,15,1907542.00,2427,208,353837825.00
2020-12-09,1,0,13,5,5,773980.00,2432,209,354611805.00
2020-12-10,0,0,19,7,10,1778704.00,2442,209,356390509.00
2020-12-11,1,0,10,2,2,390826.00,2444,210,356781335.00
2020-12-12,0,0,19,7,7,1051374.00,2451,210,357832709.00
2020-12-13,0,0,8,2,8,1149369.00,2459,210,358982078.00
2020-12-14,1,0,12,3,11,1658299.00,2470,211,360640377.00
2020-12-15,1,0,14,3,8,1253450.00,2478,212,361893827.00
2020-12-16,0,0,9,3,6,1020182.00,2484,212,362914009.00
2020-12-17,1,0,14,5,2,313550.00,2486,213,363227559.00
2020-12-18,0,0,14,3,9,1440349.00,2495,213,364667908.00
2020-12-19,0,0,18,2,9,1449235.00,2504,213,366117143.00
2020-12-20,1,0,11,2,14,1706520.00,2518,214,367823663.00
2020-12-21,0,0,16,3,6,748554.00,2524,214,368572217.00
2020-12-22,1,0,9,4,14,1998005.00,2538,215,370570222.00
2020-12-23,1,0,25,7,9,1310550.00,2547,216,371880772.00
2020-12-24,0,0,13,5,11,1707988.00,2558,216,373588760.00
2020-12-25,1,0,16,7,9,1330751.00,2567,217,374919511.00
2020-12-26,0,0,16,0,0,0,2567,217,374919511.00
2020-12-27,0,0,16,2,5,700168.00,2572,217,375619679.00
2020-12-28,1,0,12,4,4,516892.00,2576,218,376136571.00
2020-12-29,0,0,16,7,16,2288427.00,2592,218,378424998.00
2020-12-30,0,0,21,8,4,427541.00,2596,218,378852539.00
2020-12-31,1,0,16,5,9,1590395.00,2605,219,380442934.00
2021-01-01,2,0,19,3,18,2392931.00,2623,221,382835865.00
2021-01-02,0,0,10,3,5,989560.00,2628,221,383825425.00
2021-01-03,0,0,24,10,8,1174136.00,2636,221,384999561.00
2021-01-04,1,0,12,3,2,271086.00,2638,222,385270647.00
2021-01-05,2,0,16,2,5,797280.00,2643,224,386067927.00
2021-01-06,2,0,20,8,13,2283401.00,2656,226,388351328.00
2021-01-07,0,0,16,2,14,2238001.00,2670,226,390589329.00
2021-01-08,0,0,16,7,1,115014.00,2671,226,390704343.00
2021-01-09,0,0,18,9,7,1128411.00,2678,226,391832754.00
2021-01-10,0,0,12,4,18,2361730.00,2696,226,394194484.00
2021-01-11,0,0,15,4,6,746726.00,2702,226,394941210.00
2021-01-12,0,0,11,5,4,519688.00,2706,226,395460898.00
2021-01-13,1,0,13,1,16,2434883.00,2722,227,397895781.00
2021-01-14,1,0,14,1,7,1166487.00,2729,228,399062268.00
2021-01-15,2,0,16,6,7,879236.00,2736,230,399941504.00
2021-01-16,0,0,16,6,17,2336979.00,2753,230,402278483.00
2021-01-17,0,0,15,5,17,2168717.00,2770,230,404447200.00
2021-01-18,0,0,11,6,1,133332.00,2771,230,404580532.00
2021-01-19,0,0,9,2,13,1541088.00,2784,230,406121620.00
2021-01-20,1,0,19,4,5,904028.00,2789,231,407025648.00
2021-01-21,2,0,10,0,0,0,2789,233,407025648.00
2021-01-22,0,0,14,2,19,2962547.00,2808,233,409988195.00
2021-01-23,1,0,14,6,11,1437452.00,2819,234,411425647.00
2021-01-24,0,0,15,7,3,451176.00,2822,234,411876823.00
2021-01-25,2,0,8,2,8,1222895.00,2830,236,413099718.00
2021-01-26,1,0,16,6,6,852430.00,2836,237,413952148.00
2021-01-27,1,0,19,6,5,963295.00,2841,238,414915443.00
2021-01-28,0,0,17,3,4,521330.00,2845,238,415436773.00
2021-01-29,0,0,13,4,4,434241.00,2849,238,415871014.00
2021-01-30,1,0,18,6,8,957464.00,2857,239,416828478.00
2021-01-31,2,0,18,2,2,352576.00,2859,241,417181054.00
2021-02-01,1,0,14,5,9,1594460.00,2868,242,418775514.00
2021-02-02,0,0,13,4,3,373293.00,2871,242,419148807.00
2021-02-03,1,0,14,2,19,2306381.00,2890,243,421455188.00
2021-02-04,1,0,24,8,9,1253321.00,2899,244,422708509.00
2021-02-05,1,0,27,2,7,851333.00,2906,245,423559842.00
2021-02-06,0,0,16,3,5,916711.00,2911,245,424476553.00
2021-02-07,1,0,20,4,10,1500125.00,2921,246,425976678.00
2021-02-08,1,0,20,11,15,1971972.00,2936,247,427948650.00
2021-02-09,0,0,11,4,3,435837.00,2939,247,428384487.00
2021-02-10,0,0,12,4,14,1937118.00,2953,247,430321605.00
2021-02-11,2,0,9,4,17,2340748.00,2970,249,432662353.00
2021-02-12,1,0,12,2,9,1556729.00,2979,250,434219082.00
2021-02-13,1,0,11,2,11,1898364.00,2990,251,436117446.00
2021-02-14,0,0,17,7,5,884485.00,2995,251,437001931.00
2021-02-15,0,0,12,3,14,2199407.00,3009,251,439201338.00
2021-02-16,2,0,11,1,9,1164368.00,3018,253,440365706.00
2021-02-17,0,0,12,1,12,1586352.00,3030,253,441952058.00
2021-02-18,1,0,21,7,12,1842584.00,3042,254,443794642.00
2021-02-19,1,0,16,4,14,2192651.00,3056,255,445987293.00
2021-02-20,0,0,13,2,6,1089863.00,3062,255,447077156.00
2021-02-21,0,0,8,3,8,1033323.00,3070,255,448110479.00
2021-02-22,0,0,15,3,4,659544.00,3074,255,448770023.00
2021-02-23,1,0,16,3,17,2551680.00,3091,256,451321703.00
2021-02-24,1,0,14,6,9,1208841.00,3100,257,452530544.00
2021-02-25,1,0,17,2,6,1061397.00,3106,258,453591941.00
2021-02-26,1,0,19,7,6,979520.00,3112,259,454571461.00
2021-02-27,0,0,15,3,13,1755147.00,3125,259,456326608.00
2021-02-28,2,0,18,5,8,1252210.00,3133,261,457578818.00
2021-03-01,0,0,9,3,15,2505601.00,3148,261,460084419.00
2021-03-02,2,0,17,5,1,133308.00,3149,263,460217727.00
2021-03-03,1,0,16,3,4,441732.00,3153,264,460659459.00
2021-03-04,0,0,11,4,12,1560231.00,3165,264,462219690.00
2021-03-05,0,0,12,2,16,2228954.00,3181,264,464448644.00
2021-03-06,0,0,22,6,3,518626.00,3184,264,464967270.00
2021-03-07,0,0,13,1,13,2278405.00,3197,264,467245675.00
2021-03-08,3,0,19,7,2,290558.00,3199,267,467536233.00
2021-03-09,1,0,23,10,10,1527925.00,3209,268,469064158.00
2021-03-10,0,0,9,6,14,1970065.00,3223,268,471034223.00
2021-03-11,0,0,9,3,20,2789484.00,3243,268,473823707.00
2021-03-12,0,0,17,6,2,352576.00,3245,268,474176283.00
2021-03-13,0,0,13,5,12,1786184.00,3257,268,475962467.00
2021-03-14,2,0,21,5,6,875393.00,3263,270,476837860.00
2021-03-15,0,0,13,4,4,476996.00,3267,270,477314856.00
2021-03-16,0,0,18,7,11,1613010.00,3278,270,478927866.00
2021-03-17,0,0,10,7,4,594244.00,3282,270,479522110.00
2021-03-18,1,0,16,9,10,1565510.00,3292,271,481087620.00
2021-03-19,0,0,17,3,6,860163.00,3298,271,481947783.00
2021-03-20,0,0,16,2,11,1536081.00,3309,271,483483864.00
2021-03-21,1,0,14,4,9,1283047.00,3318,272,484766911.00
2021-03-22,0,0,14,6,17,2426612.00,3335,272,487193523.00
2021-03-23,1,0,14,2,7,1101178.00,3342,273,488294701.00
2021-03-24,1,0,13,4,7,922773.00,3349,274,489217474.00
2021-03-25,1,0,18,6,2,238498.00,3351,275,489455972.00
2021-03-26,2,0,15,5,10,1443485.00,3361,277,490899457.00
2021-03-27,1,0,11,3,24,3667219.00,3385,278,494566676.00
2021-03-28,0,0,16,9,16,2127549.00,3401,278,496694225.00
2021-03-29,0,0,13,7,5,838563.00,3406,278,497532788.00
2021-03-30,1,0,12,4,5,586230.00,3411,279,498119018.00
2021-03-31,0,0,13,2,4,441732.00,3415,279,498560750.00
2021-04-01,0,0,9,2,4,594244.00,3419,279,499154994.00
2021-04-02,1,0,20,3,12,1740798.00,3431,280,500895792.00
2021-04-03,0,0,17,2,13,2020818.00,3444,280,502916610.00
2021-04-04,1,0,18,4,3,407570.00,3447,281,503324180.00
2021-04-05,0,0,20,5,12,2077948.00,3459,281,505402128.00
2021-04-06,1,0,21,7,8,1427284.00,3467,282,506829412.00
2021-04-07,0,0,15,5,6,953346.00,3473,282,507782758.00
2021-04-08,2,0,15,3,19,2868827.00,3492,284,510651585.00
2021-04-09,1,0,18,3,7,1258265.00,3499,285,511909850.00
2021-04-10,1,0,60,14,16,2563680.00,3515,286,514473530.00
2021-04-11,0,0,19,5,15,2739537.00,3530,286,517213067.00
2021-04-12,0,0,14,2,7,839443.00,3537,286,518052510.00
2021-04-13,0,0,9,3,3,369591.00,3540,286,518422101.00
2021-04-14,1,0,30,12,16,2134408.00,3556,287,520556509.00
2021-04-15,1,0,13,3,8,1311370.00,3564,288,521867879.00
2021-04-16,2,0,24,6,15,2222044.00,3579,290,524089923.00
2021-04-17,2,0,18,6,10,1736587.00,3589,292,525826510.00
2021-04-18,1,0,18,5,15,2384268.00,3604,293,528210778.00
2021-04-19,0,0,22,6,6,865060.00,3610,293,529075838.00
2021-04-20,0,0,10,2,7,893443.00,3617,293,529969281.00
2021-04-21,1,0,22,5,1,154796.00,3618,294,530124077.00
2021-04-22,1,0,19,1,4,581116.00,3622,295,530705193.00
2021-04-23,1,0,17,6,9,1339433.00,3631,296,532044626.00
2021-04-24,1,0,10,0,0,0,3631,297,532044626.00
2021-04-25,1,0,16,4,6,842843.00,3637,298,532887469.00
2021-04-26,0,0,14,2,16,2332682.00,3653,298,535220151.00
2021-04-27,0,0,26,5,15,2103673.00,3668,298,537323824.00
2021-04-28,0,0,17,5,5,788752.00,3673,298,538112576.00
2021-04-29,1,0,14,4,8,1292569.00,3681,299,539405145.00
2021-04-30,1,0,18,3,7,1153543.00,3688,300,540558688.00
2021-05-01,2,0,15,3,11,1796664.00,3699,302,542355352.00
2021-05-02,0,0,9,2,8,1082515.00,3707,302,543437867.00
2021-05-03,1,0,18,4,1,186587.00,3708,303,543624454.00
2021-05-04,0,0,24,7,8,1118257.00,3716,303,544742711.00
2021-05-05,0,0,14,8,9,1347236.00,3725,303,546089947.00
2021-05-06,1,0,23,6,3,415928.00,3728,304,546505875.00
2021-05-07,0,0,16,6,11,1839657.00,3739,304,548345532.00
2021-05-08,0,0,18,4,10,1291520.00,3749,304,549637052.00
2021-05-09,0,0,15,6,9,1197992.00,3758,304,550835044.00
2021-05-10,1,0,12,2,16,2083071.00,3774,305,552918115.00
2021-05-11,0,0,10,4,13,1759166.00,3787,305,554677281.00
2021-05-12,2,0,12,5,3,470325.00,3790,307,555147606.00
2021-05-13,0,0,11,2,3,470325.00,3793,307,555617931.00
2021-05-14,1,0,11,2,7,905739.00,3800,308,556523670.00
2021-05-15,1,0,19,7,6,870116.00,3806,309,557393786.00
2021-05-16,0,0,11,5,9,1161174.00,3815,309,558554960.00
2021-05-17,1,0,25,9,4,476996.00,3819,310,559031956.00
2021-05-18,0,0,7,3,14,2101034.00,3833,310,561132990.00
2021-05-19,1,0,18,7,1,197912.00,3834,311,561330902.00
2021-05-20,1,0,24,5,5,892927.00,3839,312,562223829.00
2021-05-21,0,0,17,4,7,1174701.00,3846,312,563398530.00
2021-05-22,0,0,13,3,9,1505036.00,3855,312,564903566.00
2021-05-23,0,0,17,3,9,1645235.00,3864,312,566548801.00
2021-05-24,0,0,17,7,11,1566597.00,3875,312,568115398.00
2021-05-25,1,0,12,4,3,399924.00,3878,313,568515322.00
2021-05-26,1,0,21,6,10,1351090.00,3888,314,569866412.00
2021-05-27,0,0,14,5,11,1496957.00,3899,314,571363369.00
2021-05-28,0,0,9,2,4,533244.00,3903,314,571896613.00
2021-05-29,1,0,20,6,14,2001788.00,3917,315,573898401.00
2021-05-30,0,0,9,3,11,1778330.00,3928,315,575676731.00
2021-05-31,1,0,17,6,9,1559740.00,3937,316,577236471.00
2021-06-01,1,0,13,5,14,1754242.00,3951,317,578990713.00
2021-06-02,1,0,28,8,4,583632.00,3955,318,579574345.00
2021-06-03,0,0,17,3,8,1299780.00,3963,318,580874125.00
2021-06-04,1,0,21,7,11,1508484.00,3974,319,582382609.00
2021-06-05,0,0,21,7,14,2297174.00,3988,319,584679783.00
2021-06-06,1,0,16,3,14,1948264.00,4002,320,586628047.00
2021-06-07,1,0,19,6,6,767136.00,4008,321,587395183.00
2021-06-08,1,0,22,7,13,2031274.00,4021,322,589426457.00
2021-06-09,1,0,16,1,9,1250299.00,4030,323,590676756.00
2021-06-10,1,0,17,4,13,1750242.00,4043,324,592426998.00
2021-06-11,0,0,16,4,12,1901982.00,4055,324,594328980.00
2021-06-12,1,0,23,9,1,181723.00,4056,325,594510703.00
2021-06-13,0,0,18,7,9,1204858.00,4065,325,595715561.00
2021-06-14,2,0,18,3,11,1812919.00,4076,327,597528480.00
2021-06-15,1,0,17,3,13,2014809.00,4089,328,599543289.00
2021-06-16,0,0,12,5,14,2064861.00,4103,328,601608150.00
2021-06-17,1,0,14,4,14,2174714.00,4117,329,603782864.00
2021-06-18,0,0,17,5,16,2354276.00,4133,329,606137140.00
2021-06-19,0,0,12,5,5,666555.00,4138,329,606803695.00
2021-06-20,1,0,12,4,17,2390060.00,4155,330,609193755.00
2021-06-21,0,0,16,4,1,117246.00,4156,330,609311001.00
2021-06-22,0,0,10,2,6,752356.00,4162,330,610063357.00
2021-06-23,2,0,15,4,18,2401688.00,4180,332,612465045.00
2021-06-24,1,0,19,8,15,2269710.00,4195,333,614734755.00
2021-06-25,1,0,20,8,4,523904.00,4199,334,615258659.00
2021-06-26,2,0,17,8,18,2631034.00,4217,336,617889693.00
2021-06-27,1,0,15,5,16,2276682.00,4233,337,620166375.00
2021-06-28,1,0,15,2,13,2039419.00,4246,338,622205794.00
2021-06-29,2,0,16,1,16,2160192.00,4262,340,624365986.00
2021-06-30,2,0,25,7,5,699389.00,4267,342,625065375.00
2021-07-01,0,0,15,5,15,2051681.00,4282,342,627117056.00
2021-07-02,0,0,16,6,13,1977476.00,4295,342,629094532.00
2021-07-03,0,0,20,6,8,1346076.00,4303,342,630440608.00
2021-07-04,0,0,16,5,4,523904.00,4307,342,630964512.00
2021-07-05,0,0,18,9,11,1736454.00,4318,342,632700966.00
2021-07-06,0,0,9,4,14,2349091.00,4332,342,635050057.00
2021-07-07,1,0,19,6,8,1136865.00,4340,343,636186922.00
2021-07-08,2,0,25,6,3,384708.00,4343,345,636571630.00
2021-07-09,0,0,20,2,8,1283100.00,4351,345,637854730.00
2021-07-10,1,0,17,4,11,1752087.00,4362,346,639606817.00
2021-07-11,0,0,14,5,11,1450909.00,4373,346,641057726.00
2021-07-12,2,0,16,3,8,994942.00,4381,348,642052668.00
2021-07-13,0,0,12,2,12,1734708.00,4393,348,643787376.00
2021-07-14,0,0,16,2,16,2542223.00,4409,348,646329599.00
2021-07-15,4,0,18,3,4,619184.00,4413,352,646948783.00
2021-07-16,0,0,21,5,10,1586937.00,4423,352,648535720.00
2021-07-17,0,0,14,4,12,1499112.00,4435,352,650034832.00
2021-07-18,1,0,14,7,3,528864.00,4438,353,650563696.00
2021-07-19,0,0,13,4,7,962401.00,4445,353,651526097.00
2021-07-20,0,0,17,1,19,2880499.00,4464,353,654406596.00
2021-07-21,1,0,12,2,10,1281404.00,4474,354,655688000.00
2021-07-22,1,0,14,7,7,1119275.00,4481,355,656807275.00
2021-07-23,0,0,11,1,2,341278.00,4483,355,657148553.00
2021-07-24,0,0,19,5,7,1087687.00,4490,355,658236240.00
2021-07-25,3,0,24,7,8,1156370.00,4498,358,659392610.00
2021-07-26,0,0,14,5,6,767967.00,4504,358,660160577.00
2021-07-27,1,0,20,8,13,2000071.00,4517,359,662160648.00
2021-07-28,0,0,8,3,4,523904.00,4521,359,662684552.00
2021-07-29,0,0,14,4,6,829137.00,4527,359,663513689.00
2021-07-30,1,0,16,4,8,1080970.00,4535,360,664594659.00
2021-07-31,1,0,21,4,16,1951242.00,4551,361,666545901.00
2021-08-01,0,0,10,4,5,655725.00,4556,361,667201626.00
2021-08-02,1,0,19,3,16,2611233.00,4572,362,669812859.00
2021-08-03,2,0,17,4,18,2703698.00,4590,364,672516557.00
2021-08-04,1,0,21,5,8,1326741.00,4598,365,673843298.00
2021-08-05,0,0,23,4,5,583095.00,4603,365,674426393.00
2021-08-06,1,0,13,5,5,565125.00,4608,366,674991518.00
2021-08-07,1,0,13,4,9,1400176.00,4617,367,676391694.00
2021-08-08,0,0,19,5,2,253292.00,4619,367,676644986.00
2021-08-09,1,0,17,2,6,742022.00,4625,368,677387008.00
2021-08-10,2,0,22,6,3,398697.00,4628,370,677785705.00
2021-08-11,0,0,17,3,15,2270589.00,4643,370,680056294.00
2021-08-12,1,0,31,9,8,1136865.00,4651,371,681193159.00
2021-08-13,2,0,21,2,4,785760.00,4655,373,681978919.00
2021-08-14,0,0,18,4,2,284841.00,4657,373,682263760.00
2021-08-15,1,0,24,5,12,1665345.00,4669,374,683929105.00
2021-08-16,0,0,9,2,5,887795.00,4674,374,684816900.00
2021-08-17,0,0,15,2,10,1518697.00,4684,374,686335597.00
2021-08-18,0,0,18,6,9,1240456.00,4693,374,687576053.00
2021-08-19,1,0,24,4,5,657900.00,4698,375,688233953.00
2021-08-20,0,0,14,4,10,1608222.00,4708,375,689842175.00
2021-08-21,0,0,20,4,3,406629.00,4711,375,690248804.00
2021-08-22,0,0,13,6,21,3388338.00,4732,375,693637142.00
2021-08-23,0,0,13,4,15,1876673.00,4747,375,695513815.00
2021-08-24,1,0,21,7,16,2056116.00,4763,376,697569931.00
2021-08-25,1,0,22,3,3,335181.00,4766,377,697905112.00
2021-08-26,0,0,18,4,10,1231744.00,4776,377,699136856.00
2021-08-27,2,0,26,11,1,181723.00,4777,379,699318579.00
2021-08-28,1,0,22,8,3,486693.00,4780,380,699805272.00
2021-08-29,1,0,22,7,6,725854.00,4786,381,700531126.00
2021-08-30,0,0,15,4,5,875791.00,4791,381,701406917.00
2021-08-31,1,0,17,5,8,1325266.00,4799,382,702732183.00
2021-09-01,0,0,16,5,6,990972.00,4805,382,703723155.00
2021-09-02,1,0,21,8,10,1233386.00,4815,383,704956541.00
2021-09-03,1,0,20,6,15,1908235.00,4830,384,706864776.00
2021-09-04,0,0,10,6,5,654880.00,4835,384,707519656.00
2021-09-05,1,0,16,2,1,114847.00,4836,385,707634503.00
2021-09-06,0,0,16,5,16,2852798.00,4852,385,710487301.00
2021-09-07,0,0,21,4,10,1396682.00,4862,385,711883983.00
2021-09-08,1,0,25,7,4,597528.00,4866,386,712481511.00
2021-09-09,1,0,25,7,4,533328.00,4870,387,713014839.00
2021-09-10,0,0,27,10,8,1175576.00,4878,387,714190415.00
2021-09-11,1,0,29,9,5,565125.00,4883,388,714755540.00
2021-09-12,0,0,15,4,1,126646.00,4884,388,714882186.00
2021-09-13,0,0,19,5,13,1772547.00,4897,388,716654733.00
2021-09-14,0,0,13,5,3,399924.00,4900,388,717054657.00
2021-09-15,0,0,22,7,7,1056019.00,4907,388,718110676.00
2021-09-16,1,0,16,8,10,1576186.00,4917,389,719686862.00
2021-09-17,0,0,22,7,13,1510454.00,4930,389,721197316.00
2021-09-18,0,0,19,6,15,1895580.00,4945,389,723092896.00
2021-09-19,0,0,16,3,15,2457792.00,4960,389,725550688.00
2021-09-20,0,0,17,5,16,2324142.00,4976,389,727874830.00
2021-09-21,1,0,26,9,4,506584.00,4980,390,728381414.00
2021-09-22,1,0,14,4,9,1427786.00,4989,391,729809200.00
2021-09-23,0,0,17,6,4,669928.00,4993,391,730479128.00
2021-09-24,1,0,25,10,10,1698789.00,5003,392,732177917.00
2021-09-25,0,0,19,3,1,177559.00,5004,392,732355476.00
2021-09-26,0,0,23,5,5,726395.00,5009,392,733081871.00
2021-09-27,0,0,18,7,7,1026423.00,5016,392,734108294.00
2021-09-28,0,0,22,7,6,757142.00,5022,392,734865436.00
2021-09-29,0,0,18,8,2,238498.00,5024,392,735103934.00
2021-09-30,0,0,14,5,3,406629.00,5027,392,735510563.00
2021-10-01,0,0,17,7,15,2196075.00,5042,392,737706638.00
2021-10-02,1,0,21,8,7,809953.00,5049,393,738516591.00
2021-10-03,1,0,18,2,12,1841292.00,5061,394,740357883.00
2021-10-04,0,0,18,6,2,249546.00,5063,394,740607429.00
2021-10-05,0,0,17,4,5,852480.00,5068,394,741459909.00
2021-10-06,0,0,23,4,11,1766134.00,5079,394,743226043.00
2021-10-07,2,0,21,2,7,1269194.00,5086,396,744495237.00
2021-10-08,0,0,12,2,18,2732014.00,5104,396,747227251.00
2021-10-09,0,0,19,10,17,2335250.00,5121,396,749562501.00
2021-10-10,0,0,21,5,3,337580.00,5124,396,749900081.00
2021-10-11,0,0,14,5,8,1292344.00,5132,396,751192425.00
2021-10-12,0,0,19,9,6,1045759.00,5138,396,752238184.00
2021-10-13,2,0,24,4,7,889806.00,5145,398,753127990.00
2021-10-14,0,0,13,5,17,2554126.00,5162,398,755682116.00
2021-10-15,0,0,16,6,16,2629397.00,5178,398,758311513.00
2021-10-16,0,0,13,5,6,776160.00,5184,398,759087673.00
2021-10-17,0,0,17,2,8,1197000.00,5192,398,760284673.00
2021-10-18,0,0,11,3,5,501515.00,5197,398,760786188.00
2021-10-19,0,0,18,5,11,1349090.00,5208,398,762135278.00
2021-10-20,0,0,19,6,4,489333.00,5212,398,762624611.00
2021-10-21,0,0,28,8,5,963295.00,5217,398,763587906.00
2021-10-22,1,0,25,5,4,507627.00,5221,399,764095533.00
2021-10-23,0,0,15,4,10,1698450.00,5231,399,765793983.00
2021-10-24,1,0,14,3,1,132899.00,5232,400,765926882.00
2021-10-25,1,0,23,5,15,2095228.00,5247,401,768022110.00
2021-10-26,0,0,18,7,1,110167.00,5248,401,768132277.00
2021-10-27,2,0,19,6,10,1500375.00,5258,403,769632652.00
2021-10-28,0,0,15,5,19,3056944.00,5277,403,772689596.00
2021-10-29,1,0,16,6,8,1345288.00,5285,404,774034884.00
2021-10-30,2,0,15,3,12,1603742.00,5297,406,775638626.00
2021-10-31,0,0,25,3,5,753459.00,5302,406,776392085.00
2021-11-01,0,0,19,6,9,1218820.00,5311,406,777610905.00
2021-11-02,0,0,14,7,9,1398466.00,5320,406,779009371.00
2021-11-03,0,0,17,4,2,314531.00,5322,406,779323902.00
2021-11-04,1,0,20,4,4,597908.00,5326,407,779921810.00
2021-11-05,1,0,18,5,5,901039.00,5331,408,780822849.00
2021-11-06,3,0,16,3,11,1673216.00,5342,411,782496065.00
2021-11-07,3,0,15,3,16,2487469.00,5358,414,784983534.00
2021-11-08,0,0,23,5,15,2201123.00,5373,414,787184657.00
2021-11-09,0,0,19,4,15,2301676.00,5388,414,789486333.00
2021-11-10,0,0,18,1,2,324676.00,5390,414,789811009.00
2021-11-11,2,0,24,5,12,1403828.00,5402,416,791214837.00
2021-11-12,2,0,22,2,4,710236.00,5406,418,791925073.00
2021-11-13,0,0,22,5,1,131580.00,5407,418,792056653.00
2021-11-14,1,0,21,4,2,318912.00,5409,419,792375565.00
2021-11-15,0,0,24,5,12,1760892.00,5421,419,794136457.00
2021-11-16,0,0,14,3,20,2658471.00,5441,419,796794928.00
2021-11-17,1,0,24,8,6,844276.00,5447,420,797639204.00
2021-11-18,1,0,16,4,15,1999042.00,5462,421,799638246.00
2021-11-19,0,0,26,11,16,2331817.00,5478,421,801970063.00
2021-11-20,0,0,24,7,6,1016031.00,5484,421,802986094.00
2021-11-21,0,0,21,6,6,908909.00,5490,421,803895003.00
2021-11-22,1,0,23,6,16,2288370.00,5506,422,806183373.00
2021-11-23,0,0,11,4,5,663250.00,5511,422,806846623.00
2021-11-24,1,0,19,6,7,1215563.00,5518,423,808062186.00
2021-11-25,0,0,15,3,2,224310.00,5520,423,808286496.00
2021-11-26,0,0,18,3,11,1623377.00,5531,423,809909873.00
2021-11-27,1,0,24,5,2,220866.00,5533,424,810130739.00
2021-11-28,1,0,15,5,6,999189.00,5539,425,811129928.00
2021-11-29,1,0,17,4,1,110433.00,5540,426,811240361.00
2021-11-30,1,0,19,4,19,2524781.00,5559,427,813765142.00
2021-12-01,0,0,15,4,18,3059632.00,5577,427,816824774.00
2021-12-02,0,0,10,3,2,353794.00,5579,427,817178568.00
2021-12-03,1,0,21,6,5,634254.00,5584,428,817812822.00
2021-12-04,1,0,18,5,13,2223006.00,5597,429,820035828.00
2021-12-05,0,0,23,3,9,1190597.00,5606,429,821226425.00
2021-12-06,0,0,22,8,19,3037702.00,5625,429,824264127.00
2021-12-07,1,0,21,6,6,878604.00,5631,430,825142731.00
2021-12-08,0,0,13,3,5,596245.00,5636,430,825738976.00
2021-12-09,1,0,11,2,15,2411247.00,5651,431,828150223.00
2021-12-10,1,0,15,5,4,584361.00,5655,432,828734584.00
2021-12-11,1,0,20,4,6,902216.00,5661,433,829636800.00
2021-12-12,1,0,24,13,10,1396783.00,5671,434,831033583.00
2021-12-13,0,0,31,10,3,430771.00,5674,434,831464354.00
2021-12-14,1,0,12,4,1,129223.00,5675,435,831593577.00
2021-12-15,0,0,13,1,13,2094447.00,5688,435,833688024.00
2021-12-16,1,0,20,5,3,478368.00,5691,436,834166392.00
2021-12-17,1,0,18,3,15,2032020.00,5706,437,836198412.00
2021-12-18,0,0,11,2,1,126646.00,5707,437,836325058.00
2021-12-19,0,0,24,11,3,379896.00,5710,437,836704954.00
2021-12-20,1,0,19,8,5,783875.00,5715,438,837488829.00
2021-12-21,1,0,15,4,3,330501.00,5718,439,837819330.00
2021-12-22,1,0,15,4,8,1193201.00,5726,440,839012531.00
2021-12-23,0,0,16,6,7,1098550.00,5733,440,840111081.00
2021-12-24,0,0,14,4,13,2057080.00,5746,440,842168161.00
2021-12-25,1,0,15,5,2,309592.00,5748,441,842477753.00
2021-12-26,0,0,27,9,6,684167.00,5754,441,843161920.00
2021-12-27,1,0,17,6,8,1039588.00,5762,442,844201508.00
2021-12-28,0,0,28,12,12,2079487.00,5774,442,846280995.00
2021-12-29,1,0,21,11,1,115014.00,5775,443,846396009.00
2021-12-30,2,0,22,6,7,1122698.00,5782,445,847518707.00
2021-12-31,0,0,23,6,5,501515.00,5787,445,848020222.00
2022-01-01,0,0,29,10,5,894137.00,5792,445,848914359.00
2022-01-02,0,0,18,8,18,2204670.00,5810,445,851119029.00
2022-01-03,0,0,20,4,5,593534.00,5815,445,851712563.00
2022-01-04,2,0,23,5,7,863048.00,5822,447,852575611.00
2022-01-05,0,0,21,7,5,728823.00,5827,447,853304434.00
2022-01-06,0,0,16,5,4,637824.00,5831,447,853942258.00
2022-01-07,6,0,25,8,11,1635385.00,5842,453,855577643.00
2022-01-08,0,0,15,5,11,1407608.00,5853,453,856985251.00
2022-01-09,1,0,26,6,13,1973434.00,5866,454,858958685.00
2022-01-10,4,0,28,7,16,2370370.00,5882,458,861329055.00
2022-01-11,1,0,20,7,14,1794396.00,5896,459,863123451.00
2022-01-12,0,0,28,6,17,2272969.00,5913,459,865396420.00
2022-01-13,2,0,26,8,4,512944.00,5917,461,865909364.00
2022-01-14,0,0,32,12,13,2018117.00,5930,461,867927481.00
2022-01-15,0,0,27,4,14,1584742.00,5944,461,869512223.00
2022-01-16,1,0,26,8,9,1140876.00,5953,462,870653099.00
2022-01-17,1,0,18,3,7,967834.00,5960,463,871620933.00
2022-01-18,0,0,24,7,12,1802946.00,5972,463,873423879.00
2022-01-19,1,0,15,3,9,992567.00,5981,464,874416446.00
2022-01-20,1,0,19,4,13,1543019.00,5994,465,875959465.00
2022-01-21,0,0,30,10,11,1381339.00,6005,465,877340804.00
2022-01-22,0,0,25,8,16,2009363.00,6021,465,879350167.00
2022-01-23,1,0,16,2,9,1245615.00,6030,466,880595782.00
2022-01-24,1,0,13,6,13,1809852.00,6043,467,882405634.00
2022-01-25,0,0,22,4,18,2630922.00,6061,467,885036556.00
2022-01-26,0,0,15,6,12,2008312.00,6073,467,887044868.00
2022-01-27,0,0,21,4,14,2189688.00,6087,467,889234556.00
2022-01-28,1,0,25,9,2,220866.00,6089,468,889455422.00
2022-01-29,0,0,24,6,15,2042435.00,6104,468,891497857.00
2022-01-30,1,0,19,8,17,2392911.00,6121,469,893890768.00
2022-01-31,0,0,20,8,3,398697.00,6124,469,894289465.00
2022-02-01,0,0,18,6,1,133332.00,6125,469,894422797.00
2022-02-02,1,0,23,7,8,1158194.00,6133,470,895580991.00
2022-02-03,1,0,35,13,10,1829112.00,6143,471,897410103.00
2022-02-04,1,0,33,7,3,478368.00,6146,472,897888471.00
2022-02-05,2,0,32,10,11,1269244.00,6157,474,899157715.00
2022-02-06,1,0,29,7,11,1633570.00,6168,475,900791285.00
2022-02-07,3,0,39,9,3,384708.00,6171,478,901175993.00
2022-02-08,1,0,27,5,9,1239741.00,6180,479,902415734.00
2022-02-09,2,0,29,12,12,1412079.00,6192,481,903827813.00
2022-02-10,3,0,39,8,9,1299741.00,6201,484,905127554.00
2022-02-11,1,0,18,3,9,1390140.00,6210,485,906517694.00
2022-02-12,1,0,12,3,6,827955.00,6216,486,907345649.00
2022-02-13,0,0,29,9,13,1950927.00,6229,486,909296576.00
2022-02-14,1,0,17,4,16,2074462.00,6245,487,911371038.00
2022-02-15,1,0,22,7,10,1593254.00,6255,488,912964292.00
2022-02-16,1,0,22,8,9,1315577.00,6264,489,914279869.00
2022-02-17,3,0,30,8,8,1016397.00,6272,492,915296266.00
2022-02-18,0,0,22,10,6,1061342.00,6278,492,916357608.00
2022-02-19,1,0,21,1,8,930731.00,6286,493,917288339.00
2022-02-20,1,0,22,9,11,1613926.00,6297,494,918902265.00
2022-02-21,0,0,21,5,15,2435916.00,6312,494,921338181.00
2022-02-22,1,0,28,9,13,1880805.00,6325,495,923218986.00
2022-02-23,0,0,24,9,7,1107101.00,6332,495,924326087.00
2022-02-24,0,0,26,7,2,315170.00,6334,495,924641257.00
2022-02-25,2,0,31,10,6,875700.00,6340,497,925516957.00
2022-02-26,0,0,22,9,2,271925.00,6342,497,925788882.00
2022-02-27,0,0,26,4,16,2464658.00,6358,497,928253540.00
2022-02-28,0,0,21,10,7,1027746.00,6365,497,929281286.00
2022-03-01,1,0,23,10,8,1359436.00,6373,498,930640722.00
2022-03-02,0,0,22,9,10,1415219.00,6383,498,932055941.00
2022-03-03,1,0,15,5,4,689579.00,6387,499,932745520.00
2022-03-04,0,0,29,8,6,1095310.00,6393,499,933840830.00
2022-03-05,1,0,21,3,13,1878175.00,6406,500,935719005.00
2022-03-06,0,0,32,10,13,2021026.00,6419,500,937740031.00
2022-03-07,1,0,30,9,7,875277.00,6426,501,938615308.00
2022-03-08,1,0,21,4,8,1019273.00,6434,502,939634581.00
2022-03-09,0,0,23,5,3,357747.00,6437,502,939992328.00
2022-03-10,0,0,31,9,17,2658062.00,6454,502,942650390.00
2022-03-11,1,0,26,11,7,987745.00,6461,503,943638135.00
2022-03-12,0,0,25,8,11,1520319.00,6472,503,945158454.00
2022-03-13,0,0,23,6,10,1409481.00,6482,503,946567935.00
2022-03-14,1,0,16,4,13,1920990.00,6495,504,948488925.00
2022-03-15,2,0,22,7,15,2189160.00,6510,506,950678085.00
2022-03-16,0,0,25,6,2,373174.00,6512,506,951051259.00
2022-03-17,2,0,19,6,9,1213402.00,6521,508,952264661.00
2022-03-18,1,0,19,8,19,2771902.00,6540,509,955036563.00
2022-03-19,1,0,35,11,2,335973.00,6542,510,955372536.00
2022-03-20,1,0,26,10,9,1319611.00,6551,511,956692147.00
2022-03-21,2,0,31,11,17,2052896.00,6568,513,958745043.00
2022-03-22,0,0,22,6,5,678803.00,6573,513,959423846.00
2022-03-23,2,0,19,7,2,288820.00,6575,515,959712666.00
2022-03-24,1,0,25,5,7,1164221.00,6582,516,960876887.00
2022-03-25,2,0,27,4,15,2257702.00,6597,518,963134589.00
2022-03-26,0,0,20,7,5,719366.00,6602,518,963853955.00
2022-03-27,0,0,23,6,9,1120916.00,6611,518,964974871.00
2022-03-28,0,0,19,4,13,2249602.00,6624,518,967224473.00
2022-03-29,1,0,15,4,10,1613844.00,6634,519,968838317.00
2022-03-30,0,0,37,10,12,2015186.00,6646,519,970853503.00
2022-03-31,0,0,22,7,16,2292273.00,6662,519,973145776.00
2022-04-01,1,0,39,12,5,666555.00,6667,520,973812331.00
2022-04-02,1,0,27,4,9,1546342.00,6676,521,975358673.00
2022-04-03,0,0,19,8,4,670194.00,6680,521,976028867.00
2022-04-04,0,0,26,8,1,196440.00,6681,521,976225307.00
2022-04-05,0,0,32,10,14,2071579.00,6695,521,978296886.00
2022-04-06,0,0,22,7,13,2091025.00,6708,521,980387911.00
2022-04-07,0,0,26,7,5,762830.00,6713,521,981150741.00
2022-04-08,2,0,35,10,6,848278.00,6719,523,981999019.00
2022-04-09,0,0,22,6,4,459388.00,6723,523,982458407.00
2022-04-10,1,0,27,7,15,2354163.00,6738,524,984812570.00
2022-04-11,1,0,24,3,14,1830063.00,6752,525,986642633.00
2022-04-12,0,0,29,7,1,135543.00,6753,525,986778176.00
2022-04-13,1,0,34,5,6,872452.00,6759,526,987650628.00
2022-04-14,0,0,31,6,17,2221902.00,6776,526,989872530.00
2022-04-15,1,0,18,2,12,1646795.00,6788,527,991519325.00
2022-04-16,1,0,26,7,16,2102073.00,6804,528,993621398.00
2022-04-17,0,0,19,4,1,157130.00,6805,528,993778528.00
2022-04-18,1,0,27,8,12,1936125.00,6817,529,995714653.00
2022-04-19,0,0,35,7,8,1084168.00,6825,529,996798821.00
2022-04-20,0,0,23,6,16,2608537.00,6841,529,999407358.00
2022-04-21,1,0,29,7,5,705136.00,6846,530,1000112494.00
2022-04-22,0,0,27,10,15,2296727.00,6861,530,1002409221.00
2022-04-23,1,0,30,12,1,170639.00,6862,531,1002579860.00
2022-04-24,0,0,30,7,12,1782428.00,6874,531,1004362288.00
2022-04-25,1,0,26,6,19,2846243.00,6893,532,1007208531.00
2022-04-26,1,0,32,6,9,1097191.00,6902,533,1008305722.00
2022-04-27,1,0,24,6,8,1321025.00,6910,534,1009626747.00
2022-04-28,0,0,29,12,1,119249.00,6911,534,1009745996.00
2022-04-29,0,0,29,6,17,2106891.00,6928,534,1011852887.00
2022-04-30,1,0,31,11,15,2034019.00,6943,535,1013886906.00
2022-05-01,0,0,24,10,12,1623181.00,6955,535,1015510087.00
2022-05-02,1,0,23,8,10,1573110.00,6965,536,1017083197.00
2022-05-03,1,0,25,7,5,641180.00,6970,537,1017724377.00
2022-05-04,1,0,26,5,9,1305558.00,6979,538,1019029935.00
2022-05-05,1,0,35,6,4,770636.00,6983,539,1019800571.00
2022-05-06,0,0,29,10,1,186587.00,6984,539,1019987158.00
2022-05-07,0,0,20,6,17,2576108.00,7001,539,1022563266.00
2022-05-08,0,0,27,7,7,967616.00,7008,539,1023530882.00
2022-05-09,1,0,23,5,4,638740.00,7012,540,1024169622.00
2022-05-10,0,0,20,5,11,1600732.00,7023,540,1025770354.00
2022-05-11,2,0,17,4,3,530691.00,7026,542,1026301045.00
2022-05-12,0,0,24,5,7,1021628.00,7033,542,1027322673.00
2022-05-13,0,0,22,4,11,1622818.00,7044,542,1028945491.00
2022-05-14,0,0,17,6,8,1368822.00,7052,542,1030314313.00
2022-05-15,0,0,29,4,5,640523.00,7057,542,1030954836.00
2022-05-16,4,0,30,9,8,1079920.00,7065,546,1032034756.00
2022-05-17,0,0,23,11,8,947712.00,7073,546,1032982468.00
2022-05-18,1,0,22,6,9,1466167.00,7082,547,1034448635.00
2022-05-19,0,0,22,4,3,445683.00,7085,547,1034894318.00
2022-05-20,1,0,28,5,5,501515.00,7090,548,1035395833.00
2022-05-21,0,0,22,5,7,982012.00,7097,548,1036377845.00
2022-05-22,0,0,26,4,3,530691.00,7100,548,1036908536.00
2022-05-23,0,0,24,5,19,2873637.00,7119,548,1039782173.00
2022-05-24,2,0,25,7,7,1293589.00,7126,550,1041075762.00
2022-05-25,2,0,32,8,5,586230.00,7131,552,1041661992.00
2022-05-26,0,0,25,10,7,779067.00,7138,552,1042441059.00
2022-05-27,1,0,22,5,2,266664.00,7140,553,1042707723.00
2022-05-28,1,0,28,8,9,1286775.00,7149,554,1043994498.00
2022-05-29,0,0,13,5,13,2020278.00,7162,554,1046014776.00
2022-05-30,3,0,37,10,6,813866.00,7168,557,1046828642.00
2022-05-31,2,0,27,8,7,918992.00,7175,559,1047747634.00
2022-06-01,0,0,26,7,1,197912.00,7176,559,1047945546.00
2022-06-02,2,0,40,18,12,1904300.00,7188,561,1049849846.00
2022-06-03,1,0,24,12,13,1566564.00,7201,562,1051416410.00
2022-06-04,0,0,22,7,9,1392127.00,7210,562,1052808537.00
2022-06-05,0,0,34,15,5,575070.00,7215,562,1053383607.00
2022-06-06,1,0,26,8,7,1068366.00,7222,563,1054451973.00
2022-06-07,0,0,16,6,14,2204447.00,7236,563,1056656420.00
2022-06-08,0,0,22,5,9,1578636.00,7245,563,1058235056.00
2022-06-09,0,0,24,5,11,1501169.00,7256,563,1059736225.00
2022-06-10,1,0,26,6,9,1156659.00,7265,564,1060892884.00
2022-06-11,0,0,30,8,10,1311992.00,7275,564,1062204876.00
2022-06-12,0,0,26,3,2,259844.00,7277,564,1062464720.00
2022-06-13,2,0,27,6,2,355118.00,7279,566,1062819838.00
2022-06-14,0,0,29,7,13,1822929.00,7292,566,1064642767.00
2022-06-15,1,0,32,5,8,1375708.00,7300,567,1066018475.00
2022-06-16,1,0,20,9,5,785650.00,7305,568,1066804125.00
2022-06-17,1,0,40,12,8,904736.00,7313,569,1067708861.00
2022-06-18,1,0,30,5,6,1048608.00,7319,570,1068757469.00
2022-06-19,1,0,30,9,8,1083243.00,7327,571,1069840712.00
2022-06-20,0,0,28,10,18,2693732.00,7345,571,1072534444.00
2022-06-21,0,0,26,7,4,480084.00,7349,571,1073014528.00
2022-06-22,0,0,23,9,9,1323909.00,7358,571,1074338437.00
2022-06-23,0,0,21,6,17,2225261.00,7375,571,1076563698.00
2022-06-24,2,0,30,8,1,131580.00,7376,573,1076695278.00
2022-06-25,1,0,18,5,11,1405429.00,7387,574,1078100707.00
2022-06-26,0,0,35,11,7,1040181.00,7394,574,1079140888.00
2022-06-27,0,0,24,6,1,170639.00,7395,574,1079311527.00
2022-06-28,0,0,31,9,6,1011346.00,7401,574,1080322873.00
2022-06-29,0,0,19,9,12,2017018.00,7413,574,1082339891.00
2022-06-30,1,0,33,9,25,3500010.00,7438,575,1085839901.00
2022-07-01,0,0,27,9,8,1238384.00,7446,575,1087078285.00
2022-07-02,2,0,34,6,11,1905072.00,7457,577,1088983357.00
2022-07-03,0,0,29,5,3,330501.00,7460,577,1089313858.00
2022-07-04,0,0,27,9,4,433808.00,7464,577,1089747666.00
2022-07-05,0,0,27,6,10,1383876.00,7474,577,1091131542.00
2022-07-06,0,0,19,6,17,2546333.00,7491,577,1093677875.00
2022-07-07,0,0,30,7,12,1857220.00,7503,577,1095535095.00
2022-07-08,0,0,25,10,10,1424108.00,7513,577,1096959203.00
2022-07-09,4,0,35,7,9,1373979.00,7522,581,1098333182.00
2022-07-10,1,0,34,9,7,1153620.00,7529,582,1099486802.00
2022-07-11,1,0,31,9,4,574516.00,7533,583,1100061318.00
2022-07-12,0,0,23,3,6,860322.00,7539,583,1100921640.00
2022-07-13,0,0,30,11,4,637824.00,7543,583,1101559464.00
2022-07-14,1,0,39,11,10,1184640.00,7553,584,1102744104.00
2022-07-15,1,0,39,10,6,784768.00,7559,585,1103528872.00
2022-07-16,0,0,28,7,9,1097831.00,7568,585,1104626703.00
2022-07-17,0,0,44,5,4,577483.00,7572,585,1105204186.00
2022-07-18,2,0,44,11,18,2285187.00,7590,587,1107489373.00
2022-07-19,0,0,37,10,5,677715.00,7595,587,1108167088.00
2022-07-20,1,0,42,7,5,666660.00,7600,588,1108833748.00
2022-07-21,0,0,33,8,18,2515725.00,7618,588,1111349473.00
2022-07-22,0,0,25,6,12,1970158.00,7630,588,1113319631.00
2022-07-23,1,0,24,7,17,2604476.00,7647,589,1115924107.00
2022-07-24,2,0,29,6,11,1618715.00,7658,591,1117542822.00
2022-07-25,0,0,34,11,12,1917100.00,7670,591,1119459922.00
2022-07-26,0,0,24,9,15,1827508.00,7685,591,1121287430.00
2022-07-27,0,0,19,6,9,1293647.00,7694,591,1122581077.00
2022-07-28,2,0,33,8,6,879022.00,7700,593,1123460099.00
2022-07-29,0,0,27,6,16,2348454.00,7716,593,1125808553.00
2022-07-30,0,0,30,13,1,116619.00,7717,593,1125925172.00
2022-07-31,3,0,26,2,10,1537530.00,7727,596,1127462702.00
2022-08-01,1,0,28,11,3,374319.00,7730,597,1127837021.00
2022-08-02,1,0,28,8,10,1600839.00,7740,598,1129437860.00
2022-08-03,0,0,26,7,14,1968931.00,7754,598,1131406791.00
2022-08-04,1,0,20,5,8,1012704.00,7762,599,1132419495.00
2022-08-05,0,0,20,8,11,1640299.00,7773,599,1134059794.00
2022-08-06,1,0,24,8,16,2215528.00,7789,600,1136275322.00
2022-08-07,0,0,28,11,14,1986125.00,7803,600,1138261447.00
2022-08-08,1,0,36,13,11,1736746.00,7814,601,1139998193.00
2022-08-09,0,0,25,7,9,1342563.00,7823,601,1141340756.00
2022-08-10,0,0,20,5,15,2163231.00,7838,601,1143503987.00
2022-08-11,0,0,24,6,5,982200.00,7843,601,1144486187.00
2022-08-12,1,0,29,8,12,1710680.00,7855,602,1146196867.00
2022-08-13,0,0,23,8,9,1327237.00,7864,602,1147524104.00
2022-08-14,1,0,26,3,11,1717604.00,7875,603,1149241708.00
2022-08-15,2,0,25,8,2,286500.00,7877,605,1149528208.00
2022-08-16,1,0,26,4,6,817797.00,7883,606,1150346005.00
2022-08-17,2,0,32,7,17,2417122.00,7900,608,1152763127.00
2022-08-18,1,0,33,9,15,1924666.00,7915,609,1154687793.00
2022-08-19,0,0,34,10,1,181723.00,7916,609,1154869516.00
2022-08-20,0,0,30,8,2,380346.00,7918,609,1155249862.00
2022-08-21,0,0,37,13,7,938213.00,7925,609,1156188075.00
2022-08-22,2,0,33,7,11,1651015.00,7936,611,1157839090.00
2022-08-23,0,0,27,10,18,2694553.00,7954,611,1160533643.00
2022-08-24,0,0,23,7,10,1486910.00,7964,611,1162020553.00
2022-08-25,0,0,32,9,8,1077247.00,7972,611,1163097800.00
2022-08-26,0,0,23,9,2,341278.00,7974,611,1163439078.00
2022-08-27,1,0,30,7,9,1329213.00,7983,612,1164768291.00
2022-08-28,1,0,28,6,12,1740654.00,7995,613,1166508945.00
2022-08-29,0,0,22,7,19,2971822.00,8014,613,1169480767.00
2022-08-30,0,0,35,13,5,783875.00,8019,613,1170264642.00
2022-08-31,0,0,24,6,6,1102585.00,8025,613,1171367227.00
2022-09-01,2,0,32,9,4,785760.00,8029,615,1172152987.00
2022-09-02,0,0,25,6,17,2086171.00,8046,615,1174239158.00
2022-09-03,0,0,23,7,2,395824.00,8048,615,1174634982.00
2022-09-04,1,0,32,7,3,404254.00,8051,616,1175039236.00
2022-09-05,1,0,26,9,24,3111038.00,8075,617,1178150274.00
2022-09-06,0,0,36,6,3,409526.00,8078,617,1178559800.00
2022-09-07,1,0,36,13,5,853195.00,8083,618,1179412995.00
2022-09-08,0,0,33,4,6,870087.00,8089,618,1180283082.00
2022-09-09,0,0,39,14,18,2651687.00,8107,618,1182934769.00
2022-09-10,0,0,39,9,12,1878898.00,8119,618,1184813667.00
2022-09-11,0,0,40,5,5,574235.00,8124,618,1185387902.00
2022-09-12,1,0,31,9,6,874853.00,8130,619,1186262755.00
2022-09-13,0,0,35,10,12,1687839.00,8142,619,1187950594.00
2022-09-14,0,0,19,4,18,2615935.00,8160,619,1190566529.00
2022-09-15,0,0,34,7,2,256472.00,8162,619,1190823001.00
2022-09-16,1,0,37,9,19,2453017.00,8181,620,1193276018.00
2022-09-17,1,0,26,5,18,2489905.00,8199,621,1195765923.00
2022-09-18,0,0,22,8,7,930328.00,8206,621,1196696251.00
2022-09-19,0,0,15,3,6,875733.00,8212,621,1197571984.00
2022-09-20,1,0,25,7,17,2580753.00,8229,622,1200152737.00
2022-09-21,2,0,28,6,9,1174287.00,8238,624,1201327024.00
2022-09-22,0,0,25,6,15,2033180.00,8253,624,1203360204.00
2022-09-23,0,0,26,10,5,633230.00,8258,624,1203993434.00
2022-09-24,0,0,27,11,15,1744639.00,8273,624,1205738073.00
2022-09-25,1,0,25,7,18,2670517.00,8291,625,1208408590.00
2022-09-26,4,0,21,3,5,574235.00,8296,629,1208982825.00
2022-09-27,0,0,25,7,3,479055.00,8299,629,1209461880.00
2022-09-28,1,0,26,7,8,853074.00,8307,630,1210314954.00
2022-09-29,1,0,26,10,3,530135.00,8310,631,1210845089.00
2022-09-30,0,0,22,7,7,951976.00,8317,631,1211797065.00
2022-10-01,1,0,23,6,8,1329116.00,8325,632,1213126181.00
2022-10-02,1,0,25,9,1,172686.00,8326,633,1213298867.00
2022-10-03,0,0,27,8,3,300909.00,8329,633,1213599776.00
2022-10-04,0,0,29,4,5,690491.00,8334,633,1214290267.00
2022-10-05,1,0,35,9,16,2667280.00,8350,634,1216957547.00
2022-10-06,0,0,25,4,8,985221.00,8358,634,1217942768.00
2022-10-07,0,0,14,4,12,2085584.00,8370,634,1220028352.00
2022-10-08,1,0,32,12,3,433230.00,8373,635,1220461582.00
2022-10-09,0,0,30,13,12,1967488.00,8385,635,1222429070.00
2022-10-10,2,0,26,4,15,2256392.00,8400,637,1224685462.00
2022-10-11,0,0,32,9,9,1341478.00,8409,637,1226026940.00
2022-10-12,0,0,24,9,9,1411804.00,8418,637,1227438744.00
2022-10-13,0,0,25,8,20,2674492.00,8438,637,1230113236.00
2022-10-14,0,0,33,11,8,1071124.00,8446,637,1231184360.00
2022-10-15,0,0,21,4,15,2166985.00,8461,637,1233351345.00
2022-10-16,0,0,24,8,11,1812065.00,8472,637,1235163410.00
2022-10-17,0,0,23,9,3,506696.00,8475,637,1235670106.00
2022-10-18,1,0,27,11,10,1344668.00,8485,638,1237014774.00
2022-10-19,1,0,29,9,2,363446.00,8487,639,1237378220.00
2022-10-20,3,0,24,4,8,1232350.00,8495,642,1238610570.00
2022-10-21,0,0,26,8,15,2021312.00,8510,642,1240631882.00
2022-10-22,1,0,28,11,10,1285412.00,8520,643,1241917294.00
2022-10-23,2,0,38,15,4,401212.00,8524,645,1242318506.00
2022-10-24,1,0,27,6,8,892150.00,8532,646,1243210656.00
2022-10-25,1,0,27,8,8,1308008.00,8540,647,1244518664.00
2022-10-26,0,0,29,9,5,950865.00,8545,647,1245469529.00
2022-10-27,0,0,30,9,10,1419930.00,8555,647,1246889459.00
2022-10-28,1,0,36,11,16,2046989.00,8571,648,1248936448.00
2022-10-29,0,0,24,11,6,1146278.00,8577,648,1250082726.00
2022-10-30,0,0,22,7,5,817273.00,8582,648,1250899999.00
2022-10-31,1,0,22,6,19,2828809.00,8601,649,1253728808.00
2022-11-01,0,0,20,5,10,1714906.00,8611,649,1255443714.00
2022-11-02,2,0,40,14,12,1812962.00,8623,651,1257256676.00
2022-11-03,0,0,27,10,2,238498.00,8625,651,1257495174.00
2022-11-04,1,0,34,11,15,2414871.00,8640,652,1259910045.00
2022-11-05,1,0,20,5,2,355118.00,8642,653,1260265163.00
2022-11-06,0,0,20,9,5,773980.00,8647,653,1261039143.00
2022-11-07,0,0,29,4,15,2360482.00,8662,653,1263399625.00
2022-11-08,0,0,28,6,7,841548.00,8669,653,1264241173.00
2022-11-09,2,0,25,5,11,1659470.00,8680,655,1265900643.00
2022-11-10,4,0,28,6,18,2594497.00,8698,659,1268495140.00
2022-11-11,1,0,26,5,9,1381409.00,8707,660,1269876549.00
2022-11-12,0,0,27,9,10,1317319.00,8717,660,1271193868.00
2022-11-13,1,0,36,10,5,884485.00,8722,661,1272078353.00
2022-11-14,2,0,31,7,5,614184.00,8727,663,1272692537.00
2022-11-15,2,0,34,12,6,1061400.00,8733,665,1273753937.00
2022-11-16,0,0,26,6,2,230028.00,8735,665,1273983965.00
2022-11-17,1,0,28,11,8,1514877.00,8743,666,1275498842.00
2022-11-18,1,0,29,9,20,2891066.00,8763,667,1278389908.00
2022-11-19,0,0,24,3,13,1813916.00,8776,667,1280203824.00
2022-11-20,0,0,31,8,15,2312723.00,8791,667,1282516547.00
2022-11-21,1,0,21,6,3,577977.00,8794,668,1283094524.00
2022-11-22,1,0,36,11,12,1893935.00,8806,669,1284988459.00
2022-11-23,0,0,32,6,5,639892.00,8811,669,1285628351.00
2022-11-24,1,0,23,4,13,1795932.00,8824,670,1287424283.00
2022-11-25,1,0,29,9,1,132899.00,8825,671,1287557182.00
2022-11-26,1,0,35,11,4,531000.00,8829,672,1288088182.00
2022-11-27,0,0,27,6,13,1729367.00,8842,672,1289817549.00
2022-11-28,0,0,20,5,16,2410345.00,8858,672,1292227894.00
2022-11-29,0,0,38,14,6,766470.00,8864,672,1292994364.00
2022-11-30,1,0,35,7,5,573567.00,8869,673,1293567931.00
2022-12-01,0,0,25,8,13,1617469.00,8882,673,1295185400.00
2022-12-02,0,0,16,6,1,131580.00,8883,673,1295316980.00
2022-12-03,0,0,22,7,11,1536542.00,8894,673,1296853522.00
2022-12-04,0,0,27,8,16,2160047.00,8910,673,1299013569.00
2022-12-05,0,0,28,6,12,1799401.00,8922,673,1300812970.00
2022-12-06,0,0,20,8,5,649610.00,8927,673,1301462580.00
2022-12-07,1,0,26,3,5,881440.00,8932,674,1302344020.00
2022-12-08,2,0,28,11,14,1995477.00,8946,676,1304339497.00
2022-12-09,0,0,30,6,14,2234001.00,8960,676,1306573498.00
2022-12-10,1,0,31,10,7,1001113.00,8967,677,1307574611.00
2022-12-11,0,0,28,12,15,1998823.00,8982,677,1309573434.00
2022-12-12,1,0,30,8,6,679899.00,8988,678,1310253333.00
2022-12-13,0,0,24,9,4,662468.00,8992,678,1310915801.00
2022-12-14,0,0,24,3,1,119249.00,8993,678,1311035050.00
2022-12-15,2,0,28,7,7,1274016.00,9000,680,1312309066.00
2022-12-16,0,0,21,8,2,293534.00,9002,680,1312602600.00
2022-12-17,1,0,26,3,8,1220515.00,9010,681,1313823115.00
2022-12-18,1,0,30,6,11,1704678.00,9021,682,1315527793.00
2022-12-19,1,0,14,0,0,0,9021,683,1315527793.00
2022-12-20,0,0,25,6,13,2085323.00,9034,683,1317613116.00
2022-12-21,0,0,29,8,9,1202175.00,9043,683,1318815291.00
2022-12-22,0,0,29,6,4,630340.00,9047,683,1319445631.00
2022-12-23,0,0,19,4,7,1021227.00,9054,683,1320466858.00
2022-12-24,2,0,27,6,4,526320.00,9058,685,1320993178.00
2022-12-25,0,0,27,11,2,238498.00,9060,685,1321231676.00
2022-12-26,0,0,19,5,18,3094685.00,9078,685,1324326361.00
2022-12-27,0,0,25,6,5,575070.00,9083,685,1324901431.00
2022-12-28,1,0,34,12,9,1406708.00,9092,686,1326308139.00
2022-12-29,2,0,21,2,6,1041926.00,9098,688,1327350065.00
2022-12-30,0,0,31,10,5,693879.00,9103,688,1328043944.00
2022-12-31,1,0,37,9,5,657900.00,9108,689,1328701844.00
2023-01-01,0,0,24,11,10,1630740.00,9118,689,1330332584.00
2023-01-02,0,0,24,6,14,1900927.00,9132,689,1332233511.00
2023-01-03,0,0,19,9,4,523904.00,9136,689,1332757415.00
2023-01-04,2,0,30,10,10,1554268.00,9146,691,1334311683.00
2023-01-05,0,0,28,8,14,2171685.00,9160,691,1336483368.00
2023-01-06,0,0,30,7,9,1298256.00,9169,691,1337781624.00
2023-01-07,0,0,33,10,8,1022340.00,9177,691,1338803964.00
2023-01-08,1,0,36,9,2,200606.00,9179,692,1339004570.00
2023-01-09,0,0,31,11,8,1029506.00,9187,692,1340034076.00
2023-01-10,0,0,38,10,17,2635793.00,9204,692,1342669869.00
2023-01-11,1,0,31,9,15,2040040.00,9219,693,1344709909.00
2023-01-12,1,0,37,5,8,1324850.00,9227,694,1346034759.00
2023-01-13,0,0,25,6,7,981029.00,9234,694,1347015788.00
2023-01-14,1,0,29,9,4,581116.00,9238,695,1347596904.00
2023-01-15,1,0,30,4,6,842906.00,9244,696,1348439810.00
2023-01-16,0,0,29,7,5,977065.00,9249,696,1349416875.00
2023-01-17,0,0,29,11,4,746348.00,9253,696,1350163223.00
2023-01-18,0,0,22,3,9,1362770.00,9262,696,1351525993.00
2023-01-19,0,0,26,8,11,1379991.00,9273,696,1352905984.00
2023-01-20,0,0,25,6,3,471390.00,9276,696,1353377374.00
2023-01-21,0,0,27,8,14,2421057.00,9290,696,1355798431.00
2023-01-22,0,0,21,4,14,2343502.00,9304,696,1358141933.00
2023-01-23,1,0,23,5,8,1440321.00,9312,697,1359582254.00
2023-01-24,1,0,19,7,9,976467.00,9321,698,1360558721.00
2023-01-25,0,0,34,7,10,1477917.00,9331,698,1362036638.00
2023-01-26,0,0,20,7,11,1617733.00,9342,698,1363654371.00
2023-01-27,0,0,25,9,5,799950.00,9347,698,1364454321.00
2023-01-28,1,0,29,8,7,1096599.00,9354,699,1365550920.00
2023-01-29,0,0,25,8,13,2248659.00,9367,699,1367799579.00
2023-01-30,0,0,24,9,9,1039509.00,9376,699,1368839088.00
2023-01-31,1,0,34,6,5,560775.00,9381,700,1369399863.00
2023-02-01,0,0,16,5,14,2459891.00,9395,700,1371859754.00
2023-02-02,0,0,21,9,14,1910887.00,9409,700,1373770641.00
2023-02-03,0,0,19,3,1,172686.00,9410,700,1373943327.00
2023-02-04,0,0,21,4,1,145279.00,9411,700,1374088606.00
2023-02-05,2,0,23,8,2,313550.00,9413,702,1374402156.00
2023-02-06,0,0,20,3,12,2245757.00,9425,702,1376647913.00
2023-02-07,0,0,19,5,6,647423.00,9431,702,1377295336.00
2023-02-08,1,0,25,9,17,2419212.00,9448,703,1379714548.00
2023-02-09,1,0,22,5,15,2289564.00,9463,704,1382004112.00
2023-02-10,0,0,25,7,6,686592.00,9469,704,1382690704.00
2023-02-11,0,0,25,8,8,1153876.00,9477,704,1383844580.00
2023-02-12,0,0,18,6,11,1687047.00,9488,704,1385531627.00
2023-02-13,0,0,23,10,5,989560.00,9493,704,1386521187.00
2023-02-14,1,0,26,8,5,575070.00,9498,705,1387096257.00
2023-02-15,0,0,16,3,15,1936675.00,9513,705,1389032932.00
2023-02-16,1,0,14,5,1,156775.00,9514,706,1389189707.00
2023-02-17,1,0,25,4,6,697955.00,9520,707,1389887662.00
2023-02-18,0,0,30,6,16,2313538.00,9536,707,1392201200.00
2023-02-19,1,0,45,15,6,956099.00,9542,708,1393157299.00
2023-02-20,2,0,33,11,2,288820.00,9544,710,1393446119.00
2023-02-21,0,0,21,7,13,1699947.00,9557,710,1395146066.00
2023-02-22,1,0,25,5,5,852867.00,9562,711,1395998933.00
2023-02-23,0,0,29,8,3,435837.00,9565,711,1396434770.00
2023-02-24,0,0,29,7,3,530691.00,9568,711,1396965461.00
2023-02-25,2,0,30,6,11,1560022.00,9579,713,1398525483.00
2023-02-26,0,0,25,6,3,399924.00,9582,713,1398925407.00
2023-02-27,0,0,26,12,8,1139025.00,9590,713,1400064432.00
2023-02-28,1,0,27,10,11,1356147.00,9601,714,1401420579.00
2023-03-01,0,0,36,9,1,110433.00,9602,714,1401531012.00
2023-03-02,0,0,28,7,17,2626963.00,9619,714,1404157975.00
2023-03-03,1,0,30,5,16,2225051.00,9635,715,1406383026.00
2023-03-04,0,0,29,10,14,1858728.00,9649,715,1408241754.00
2023-03-05,2,0,25,8,8,1324896.00,9657,717,1409566650.00
2023-03-06,1,0,29,8,9,1195501.00,9666,718,1410762151.00
2023-03-07,0,0,26,6,1,196440.00,9667,718,1410958591.00
2023-03-08,1,0,27,6,1,192659.00,9668,719,1411151250.00
2023-03-09,0,0,35,10,3,331582.00,9671,719,1411482832.00
2023-03-10,1,0,34,9,8,1084924.00,9679,720,1412567756.00
2023-03-11,0,0,25,9,9,1160617.00,9688,720,1413728373.00
2023-03-12,0,0,24,6,11,1402958.00,9699,720,1415131331.00
2023-03-13,0,0,32,11,8,1033784.00,9707,720,1416165115.00
2023-03-14,1,0,41,12,4,682556.00,9711,721,1416847671.00
2023-03-15,0,0,33,12,11,1458302.00,9722,721,1418305973.00
2023-03-16,0,0,32,8,4,531596.00,9726,721,1418837569.00
2023-03-17,1,0,25,7,14,1927281.00,9740,722,1420764850.00
2023-03-18,0,0,24,6,13,1797547.00,9753,722,1422562397.00
2023-03-19,0,0,33,13,12,1891596.00,9765,722,1424453993.00
2023-03-20,2,0,30,9,12,1993070.00,9777,724,1426447063.00
2023-03-21,0,0,33,13,18,3053026.00,9795,724,1429500089.00
2023-03-22,0,0,23,3,7,1183431.00,9802,724,1430683520.00
2023-03-23,0,0,24,7,9,1383398.00,9811,724,1432066918.00
2023-03-24,1,0,32,14,2,266664.00,9813,725,1432333582.00
2023-03-25,0,0,41,16,1,133332.00,9814,725,1432466914.00
2023-03-26,1,0,27,7,8,942577.00,9822,726,1433409491.00
2023-03-27,0,0,24,8,7,988185.00,9829,726,1434397676.00
2023-03-28,0,0,25,5,7,1057727.00,9836,726,1435455403.00
2023-03-29,0,0,20,8,7,1053801.00,9843,726,1436509204.00
2023-03-30,2,0,39,12,9,1199236.00,9852,728,1437708440.00
2023-03-31,0,0,39,11,8,1382277.00,9860,728,1439090717.00
2023-04-01,0,0,31,9,6,831600.00,9866,728,1439922317.00
2023-04-02,0,0,51,22,13,2051397.00,9879,728,1441973714.00
2023-04-03,1,0,29,7,11,1478080.00,9890,729,1443451794.00
2023-04-04,0,0,22,7,8,951291.00,9898,729,1444403085.00
2023-04-05,1,0,22,3,13,2114453.00,9911,730,1446517538.00
2023-04-06,0,0,23,3,4,448620.00,9915,730,1446966158.00
2023-04-07,2,0,35,12,1,170639.00,9916,732,1447136797.00
2023-04-08,0,0,25,8,19,3323364.00,9935,732,1450460161.00
2023-04-09,2,0,31,8,11,1474011.00,9946,734,1451934172.00
2023-04-10,1,0,19,5,12,1561134.00,9958,735,1453495306.00
2023-04-11,0,0,27,7,7,919607.00,9965,735,1454414913.00
2023-04-12,0,0,20,4,15,2609283.00,9980,735,1457024196.00
2023-04-13,3,0,32,4,13,1658607.00,9993,738,1458682803.00
2023-04-14,1,0,34,12,7,794140.00,10000,739,1459476943.00
2023-04-15,1,0,40,10,7,916832.00,10007,740,1460393775.00
2023-04-16,1,0,23,5,4,577640.00,10011,741,1460971415.00
2023-04-17,0,0,31,8,17,2307769.00,10028,741,1463279184.00
2023-04-18,2,0,32,8,2,263230.00,10030,743,1463542414.00
2023-04-19,2,0,29,11,7,1013576.00,10037,745,1464555990.00
2023-04-20,1,0,29,8,6,812642.00,10043,746,1465368632.00
2023-04-21,2,0,41,11,5,932935.00,10048,748,1466301567.00
2023-04-22,0,0,34,12,21,2858623.00,10069,748,1469160190.00
2023-04-23,1,0,35,6,9,1177585.00,10078,749,1470337775.00
2023-04-24,1,0,40,17,4,550058.00,10082,750,1470887833.00
2023-04-25,1,0,31,8,1,110433.00,10083,751,1470998266.00
2023-04-26,2,0,36,8,13,2082678.00,10096,753,1473080944.00
2023-04-27,1,0,35,13,4,527750.00,10100,754,1473608694.00
2023-04-28,0,0,33,10,8,1407911.00,10108,754,1475016605.00
2023-04-29,1,0,26,7,4,692133.00,10112,755,1475708738.00
2023-04-30,0,0,34,8,5,892237.00,10117,755,1476600975.00
2023-05-01,1,0,25,6,8,941603.00,10125,756,1477542578.00
2023-05-02,0,0,35,10,5,844951.00,10130,756,1478387529.00
2023-05-03,1,0,34,11,21,3455807.00,10151,757,1481843336.00
2023-05-04,1,0,31,7,15,2209258.00,10166,758,1484052594.00
2023-05-05,0,0,33,3,5,725758.00,10171,758,1484778352.00
2023-05-06,1,0,32,10,6,1023834.00,10177,759,1485802186.00
2023-05-07,1,0,42,11,17,2764190.00,10194,760,1488566376.00
2023-05-08,0,0,26,8,8,969810.00,10202,760,1489536186.00
2023-05-09,0,0,37,13,9,1404607.00,10211,760,1490940793.00
2023-05-10,0,0,30,9,14,2048087.00,10225,760,1492988880.00
2023-05-11,1,0,38,7,18,2708468.00,10243,761,1495697348.00
2023-05-12,0,0,23,9,7,1057954.00,10250,761,1496755302.00
2023-05-13,1,0,30,6,6,900080.00,10256,762,1497655382.00
2023-05-14,1,0,33,8,7,1128769.00,10263,763,1498784151.00
2023-05-15,1,0,38,9,5,639914.00,10268,764,1499424065.00
2023-05-16,0,0,28,8,15,2275777.00,10283,764,1501699842.00
2023-05-17,3,0,35,7,2,200606.00,10285,767,1501900448.00
2023-05-18,0,0,34,12,2,315170.00,10287,767,1502215618.00
2023-05-19,1,0,34,7,7,917324.00,10294,768,1503132942.00
2023-05-20,0,0,33,13,2,253264.00,10296,768,1503386206.00
2023-05-21,3,0,35,10,3,531367.00,10299,771,1503917573.00
2023-05-22,2,0,28,10,6,839058.00,10305,773,1504756631.00
2023-05-23,2,0,29,9,12,1741546.00,10317,775,1506498177.00
2023-05-24,0,0,23,9,8,917184.00,10325,775,1507415361.00
2023-05-25,0,0,32,7,11,1733226.00,10336,775,1509148587.00
2023-05-26,0,0,33,11,10,1596525.00,10346,775,1510745112.00
2023-05-27,1,0,33,10,4,786395.00,10350,776,1511531507.00
2023-05-28,0,0,37,13,13,1857232.00,10363,776,1513388739.00
2023-05-29,0,0,32,7,11,1559501.00,10374,776,1514948240.00
2023-05-30,0,0,38,12,2,266616.00,10376,776,1515214856.00
2023-05-31,0,0,33,12,15,2045900.00,10391,776,1517260756.00
2023-06-01,0,0,33,7,4,448620.00,10395,776,1517709376.00
2023-06-02,1,0,40,11,5,848402.00,10400,777,1518557778.00
2023-06-03,0,0,48,14,2,283776.00,10402,777,1518841554.00
2023-06-04,1,0,33,12,2,355118.00,10404,778,1519196672.00
2023-06-05,1,0,32,10,3,424610.00,10407,779,1519621282.00
2023-06-06,0,0,35,9,5,657900.00,10412,779,1520279182.00
2023-06-07,2,0,35,10,1,133332.00,10413,781,1520412514.00
2023-06-08,0,0,34,16,3,479055.00,10416,781,1520891569.00
2023-06-09,0,0,39,14,11,1482059.00,10427,781,1522373628.00
2023-06-10,0,0,33,8,6,862521.00,10433,781,1523236149.00
2023-06-11,1,0,37,11,5,863430.00,10438,782,1524099579.00
2023-06-12,0,0,38,8,4,630340.00,10442,782,1524729919.00
2023-06-13,1,0,33,9,2,226050.00,10444,783,1524955969.00
2023-06-14,0,0,27,10,18,2839410.00,10462,783,1527795379.00
2023-06-15,1,0,24,9,5,665865.00,10467,784,1528461244.00
2023-06-16,0,0,34,12,7,1203066.00,10474,784,1529664310.00
2023-06-17,1,0,35,7,8,1240877.00,10482,785,1530905187.00
2023-06-18,0,0,30,11,8,1013111.00,10490,785,1531918298.00
2023-06-19,0,0,29,10,14,1980577.00,10504,785,1533898875.00
2023-06-20,0,0,25,11,16,2416936.00,10520,785,1536315811.00
2023-06-21,0,0,36,12,9,1269427.00,10529,785,1537585238.00
2023-06-22,0,0,26,6,13,1940846.00,10542,785,1539526084.00
2023-06-23,0,0,29,5,19,2479802.00,10561,785,1542005886.00
2023-06-24,0,0,27,6,10,1488984.00,10571,785,1543494870.00
2023-06-25,0,0,30,8,13,1841601.00,10584,785,1545336471.00
2023-06-26,0,0,27,9,12,2161384.00,10596,785,1547497855.00
2023-06-27,0,0,29,5,10,1278740.00,10606,785,1548776595.00
2023-06-28,0,0,33,6,5,597921.00,10611,785,1549374516.00
2023-06-29,0,0,21,5,5,742805.00,10616,785,1550117321.00
2023-06-30,0,0,32,11,3,480915.00,10619,785,1550598236.00
2023-07-01,1,0,25,3,6,743815.00,10625,786,1551342051.00
2023-07-02,0,0,28,6,6,725017.00,10631,786,1552067068.00
2023-07-03,1,0,29,6,20,3284453.00,10651,787,1555351521.00
2023-07-04,0,0,36,4,16,2317145.00,10667,787,1557668666.00
2023-07-05,1,0,34,3,4,760692.00,10671,788,1558429358.00
2023-07-06,1,0,34,13,17,2203814.00,10688,789,1560633172.00
2023-07-07,1,0,36,9,14,2132793.00,10702,790,1562765965.00
2023-07-08,0,0,37,13,5,905151.00,10707,790,1563671116.00
2023-07-09,0,0,30,16,14,2259287.00,10721,790,1565930403.00
2023-07-10,0,0,27,4,12,1984399.00,10733,790,1567914802.00
2023-07-11,0,0,35,10,7,1111209.00,10740,790,1569026011.00
2023-07-12,0,0,30,8,6,969355.00,10746,790,1569995366.00
2023-07-13,0,0,42,9,6,768825.00,10752,790,1570764191.00
2023-07-14,0,0,26,6,13,2002338.00,10765,790,1572766529.00
2023-07-15,0,0,32,6,12,2054913.00,10777,790,1574821442.00
2023-07-16,0,0,23,4,8,1006618.00,10785,790,1575828060.00
2023-07-17,0,0,24,7,3,422138.00,10788,790,1576250198.00
2023-07-18,0,0,25,7,3,330501.00,10791,790,1576580699.00
2023-07-19,1,0,33,10,14,2052552.00,10805,791,1578633251.00
2023-07-20,0,0,28,7,6,885904.00,10811,791,1579519155.00
2023-07-21,0,0,29,7,2,286721.00,10813,791,1579805876.00
2023-07-22,1,0,23,3,4,705152.00,10817,792,1580511028.00
2023-07-23,1,0,18,4,5,667740.00,10822,793,1581178768.00
2023-07-24,0,0,25,1,7,1112471.00,10829,793,1582291239.00
2023-07-25,0,0,24,6,11,1885183.00,10840,793,1584176422.00
2023-07-26,0,0,23,1,9,1605718.00,10849,793,1585782140.00
2023-07-27,0,0,24,2,4,597750.00,10853,793,1586379890.00
2023-07-28,1,0,34,7,16,2301614.00,10869,794,1588681504.00
2023-07-29,0,0,22,7,13,1726825.00,10882,794,1590408329.00
2023-07-30,1,0,20,4,2,353794.00,10884,795,1590762123.00
2023-07-31,1,0,27,6,9,1332764.00,10893,796,1592094887.00
2023-08-01,0,0,20,7,5,766930.00,10898,796,1592861817.00
2023-08-02,0,0,33,9,8,1121983.00,10906,796,1593983800.00
2023-08-03,2,0,33,7,9,970499.00,10915,798,1594954299.00
2023-08-04,0,0,30,9,13,1993942.00,10928,798,1596948241.00
2023-08-05,1,0,30,6,10,1734132.00,10938,799,1598682373.00
2023-08-06,0,0,21,8,5,797280.00,10943,799,1599479653.00
2023-08-07,2,0,24,6,2,373174.00,10945,801,1599852827.00
2023-08-08,1,0,25,3,4,576710.00,10949,802,1600429537.00
2023-08-09,1,0,28,6,13,1964836.00,10962,803,1602394373.00
2023-08-10,0,0,27,9,5,633230.00,10967,803,1603027603.00
2023-08-11,2,0,31,8,5,566779.00,10972,805,1603594382.00
2023-08-12,0,0,19,5,9,1386864.00,10981,805,1604981246.00
2023-08-13,1,0,38,9,16,2774526.00,10997,806,1607755772.00
2023-08-14,0,0,19,5,11,1923279.00,11008,806,1609679051.00
2023-08-15,1,0,26,3,9,1169572.00,11017,807,1610848623.00
2023-08-16,1,0,18,3,12,1507185.00,11029,808,1612355808.00
2023-08-17,0,0,28,14,14,2139898.00,11043,808,1614495706.00
2023-08-18,2,0,31,5,16,2172050.00,11059,810,1616667756.00
2023-08-19,0,0,28,10,9,1439201.00,11068,810,1618106957.00
2023-08-20,1,0,30,7,12,1738925.00,11080,811,1619845882.00
2023-08-21,0,0,33,12,14,1874571.00,11094,811,1621720453.00
2023-08-22,0,0,32,5,1,126646.00,11095,811,1621847099.00
2023-08-23,1,0,31,5,4,464763.00,11099,812,1622311862.00
2023-08-24,4,0,28,4,11,1793640.00,11110,816,1624105502.00
2023-08-25,1,0,23,6,2,258446.00,11112,817,1624363948.00
2023-08-26,0,0,29,4,13,1684467.00,11125,817,1626048415.00
2023-08-27,0,0,25,8,11,1816550.00,11136,817,1627864965.00
2023-08-28,1,0,29,7,3,543973.00,11139,818,1628408938.00
2023-08-29,0,0,31,11,18,2686802.00,11157,818,1631095740.00
2023-08-30,0,0,25,7,7,968522.00,11164,818,1632064262.00
2023-08-31,0,0,29,7,2,395824.00,11166,818,1632460086.00
2023-09-01,1,0,38,12,15,2529356.00,11181,819,1634989442.00
2023-09-02,0,0,30,9,5,868650.00,11186,819,1635858092.00
2023-09-03,1,0,21,4,11,1619872.00,11197,820,1637477964.00
2023-09-04,2,0,24,8,12,1582833.00,11209,822,1639060797.00
2023-09-05,0,0,31,7,12,2148162.00,11221,822,1641208959.00
2023-09-06,0,0,22,7,5,575070.00,11226,822,1641784029.00
2023-09-07,0,0,25,11,10,1331155.00,11236,822,1643115184.00
2023-09-08,1,0,31,8,11,1556001.00,11247,823,1644671185.00
2023-09-09,2,0,21,9,3,433230.00,11250,825,1645104415.00
2023-09-10,1,0,38,11,9,1403355.00,11259,826,1646507770.00
2023-09-11,0,0,19,9,12,1924263.00,11271,826,1648432033.00
2023-09-12,0,0,23,7,7,1189922.00,11278,826,1649621955.00
2023-09-13,2,0,31,10,18,2766351.00,11296,828,1652388306.00
2023-09-14,0,0,29,8,14,2288962.00,11310,828,1654677268.00
2023-09-15,1,0,35,9,15,2083787.00,11325,829,1656761055.00
2023-09-16,1,0,19,7,13,1717366.00,11338,830,1658478421.00
2023-09-17,0,0,23,5,3,399933.00,11341,830,1658878354.00
2023-09-18,3,0,33,9,9,1201505.00,11350,833,1660079859.00
2023-09-19,0,0,29,8,9,1147352.00,11359,833,1661227211.00
2023-09-20,0,0,28,8,16,2272366.00,11375,833,1663499577.00
2023-09-21,1,0,25,6,14,1813018.00,11389,834,1665312595.00
2023-09-22,0,0,26,5,2,256472.00,11391,834,1665569067.00
2023-09-23,0,0,26,6,3,593736.00,11394,834,1666162803.00
2023-09-24,1,0,36,11,15,2185822.00,11409,835,1668348625.00
2023-09-25,0,0,16,3,15,2020976.00,11424,835,1670369601.00
2023-09-26,0,0,19,5,16,2551338.00,11440,835,1672920939.00
2023-09-27,1,0,24,8,6,1146278.00,11446,836,1674067217.00
2023-09-28,0,0,29,7,4,676996.00,11450,836,1674744213.00
2023-09-29,0,0,22,5,14,2192576.00,11464,836,1676936789.00
2023-09-30,1,0,48,22,6,766215.00,11470,837,1677703004.00
2023-10-01,0,0,26,3,9,1143656.00,11479,837,1678846660.00
2023-10-02,1,0,17,3,12,1532131.00,11491,838,1680378791.00
2023-10-03,1,0,27,10,8,1105279.00,11499,839,1681484070.00
2023-10-04,0,0,28,10,5,932935.00,11504,839,1682417005.00
2023-10-05,0,0,33,9,12,1997146.00,11516,839,1684414151.00
2023-10-06,1,0,37,12,9,1232931.00,11525,840,1685647082.00
2023-10-07,0,0,22,7,16,2444995.00,11541,840,1688092077.00
2023-10-08,2,0,20,4,20,2906088.00,11561,842,1690998165.00
2023-10-09,1,0,27,9,21,3418203.00,11582,843,1694416368.00
2023-10-10,0,0,30,9,3,472755.00,11585,843,1694889123.00
2023-10-11,2,0,24,6,12,1612120.00,11597,845,1696501243.00
2023-10-12,0,0,24,2,14,2102224.00,11611,845,1698603467.00
2023-10-13,0,0,41,13,1,116619.00,11612,845,1698720086.00
2023-10-14,1,0,28,6,3,471390.00,11615,846,1699191476.00
2023-10-15,0,0,30,5,8,1208941.00,11623,846,1700400417.00
2023-10-16,0,0,33,9,4,594244.00,11627,846,1700994661.00
2023-10-17,0,0,24,5,13,1722671.00,11640,846,1702717332.00
2023-10-18,3,0,39,10,1,145279.00,11641,849,1702862611.00
2023-10-19,0,0,27,8,13,2122106.00,11654,849,1704984717.00
2023-10-20,1,0,33,9,6,1090338.00,11660,850,1706075055.00
2023-10-21,0,0,29,7,3,406629.00,11663,850,1706481684.00
2023-10-22,1,0,32,7,2,261952.00,11665,851,1706743636.00
2023-10-23,0,0,26,6,8,1085742.00,11673,851,1707829378.00
2023-10-24,0,0,21,6,13,1995513.00,11686,851,1709824891.00
2023-10-25,0,0,21,8,11,1383530.00,11697,851,1711208421.00
2023-10-26,2,0,23,3,17,2584245.00,11714,853,1713792666.00
2023-10-27,0,0,31,8,7,1083507.00,11721,853,1714876173.00
2023-10-28,0,0,36,11,16,2609693.00,11737,853,1717485866.00
2023-10-29,0,0,27,8,2,319370.00,11739,853,1717805236.00
2023-10-30,0,0,25,8,7,858750.00,11746,853,1718663986.00
2023-10-31,0,0,30,13,1,135543.00,11747,853,1718799529.00
2023-11-01,0,0,31,14,14,1928186.00,11761,853,1720727715.00
2023-11-02,0,0,32,16,13,2070577.00,11774,853,1722798292.00
2023-11-03,0,0,26,5,4,589222.00,11778,853,1723387514.00
2023-11-04,0,0,20,5,3,374319.00,11781,853,1723761833.00
2023-11-05,1,0,30,7,9,1354305.00,11790,854,1725116138.00
2023-11-06,1,0,68,18,6,1179975.00,11796,855,1726296113.00
2023-11-07,0,0,21,4,10,1564921.00,11806,855,1727861034.00
2023-11-08,1,0,29,7,10,1406163.00,11816,856,1729267197.00
2023-11-09,0,0,20,6,4,466585.00,11820,856,1729733782.00
2023-11-10,0,0,30,6,3,325379.00,11823,856,1730059161.00
2023-11-11,1,0,27,7,15,2254285.00,11838,857,1732313446.00
2023-11-12,0,0,20,5,4,707588.00,11842,857,1733021034.00
2023-11-13,1,0,31,9,13,1607044.00,11855,858,1734628078.00
2023-11-14,0,0,35,8,8,994652.00,11863,858,1735622730.00
2023-11-15,0,0,25,12,1,148561.00,11864,858,1735771291.00
2023-11-16,1,0,26,8,7,953754.00,11871,859,1736725045.00
2023-11-17,1,0,37,13,7,1005514.00,11878,860,1737730559.00
2023-11-18,2,0,34,11,4,457566.00,11882,862,1738188125.00
2023-11-19,0,0,33,11,6,838566.00,11888,862,1739026691.00
2023-11-20,0,0,28,11,4,645702.00,11892,862,1739672393.00
2023-11-21,0,0,20,4,13,2151312.00,11905,862,1741823705.00
2023-11-22,0,0,27,9,12,1817648.00,11917,862,1743641353.00
2023-11-23,1,0,32,14,3,351738.00,11920,863,1743993091.00
2023-11-24,0,0,19,7,4,707588.00,11924,863,1744700679.00
2023-11-25,1,0,36,7,14,2118554.00,11938,864,1746819233.00
2023-11-26,1,0,39,9,14,2281437.00,11952,865,1749100670.00
2023-11-27,0,0,27,7,15,2266549.00,11967,865,1751367219.00
2023-11-28,2,0,41,12,4,448620.00,11971,867,1751815839.00
2023-11-29,0,0,30,9,2,275131.00,11973,867,1752090970.00
2023-11-30,2,0,38,10,4,627100.00,11977,869,1752718070.00
2023-12-01,0,0,30,8,18,2616352.00,11995,869,1755334422.00
2023-12-02,1,0,41,11,14,2231470.00,12009,870,1757565892.00
2023-12-03,2,0,40,10,2,309592.00,12011,872,1757875484.00
2023-12-04,1,0,40,8,10,1603439.00,12021,873,1759478923.00
2023-12-05,2,0,31,8,2,266664.00,12023,875,1759745587.00
2023-12-06,1,0,33,11,12,1863833.00,12035,876,1761609420.00
2023-12-07,0,0,38,10,6,759579.00,12041,876,1762368999.00
2023-12-08,1,0,27,5,10,1450535.00,12051,877,1763819534.00
2023-12-09,1,0,24,7,8,1223576.00,12059,878,1765043110.00
2023-12-10,1,0,28,7,11,1482989.00,12070,879,1766526099.00
2023-12-11,0,0,29,7,3,406629.00,12073,879,1766932728.00
2023-12-12,1,0,26,6,1,196440.00,12074,880,1767129168.00
2023-12-13,0,0,23,6,6,781526.00,12080,880,1767910694.00
2023-12-14,0,0,26,8,7,1304712.00,12087,880,1769215406.00
2023-12-15,2,0,27,5,2,226050.00,12089,882,1769441456.00
2023-12-16,0,0,37,10,12,1852531.00,12101,882,1771293987.00
2023-12-17,1,0,28,8,5,659418.00,12106,883,1771953405.00
2023-12-18,1,0,26,6,11,1676084.00,12117,884,1773629489.00
2023-12-19,0,0,20,6,1,126632.00,12118,884,1773756121.00
2023-12-20,1,0,31,12,11,1414760.00,12129,885,1775170881.00
2023-12-21,0,0,27,6,8,1048186.00,12137,885,1776219067.00
2023-12-22,0,0,26,6,5,752550.00,12142,885,1776971617.00
2023-12-23,1,0,20,8,11,1588964.00,12153,886,1778560581.00
2023-12-24,1,0,31,10,6,821330.00,12159,887,1779381911.00
2023-12-25,0,0,29,7,12,1756424.00,12171,887,1781138335.00
2023-12-26,0,0,33,9,3,452879.00,12174,887,1781591214.00
2023-12-27,1,0,33,13,3,366792.00,12177,888,1781958006.00
2023-12-28,0,0,18,4,13,1864003.00,12190,888,1783822009.00
2023-12-29,1,0,38,6,4,581791.00,12194,889,1784403800.00
2023-12-30,0,0,23,11,17,2338433.00,12211,889,1786742233.00
2023-12-31,1,0,41,13,6,828276.00,12217,890,1787570509.00
2024-01-01,1,0,32,9,9,1217863.00,12226,891,1788788372.00
2024-01-02,1,0,36,8,9,1457114.00,12235,892,1790245486.00
2024-01-03,1,0,34,10,6,799444.00,12241,893,1791044930.00
2024-01-04,1,0,41,14,5,618354.00,12246,894,1791663284.00
2024-01-05,0,0,39,16,13,1856293.00,12259,894,1793519577.00
2024-01-06,1,0,32,11,3,586239.00,12262,895,1794105816.00
2024-01-07,1,0,52,18,1,170639.00,12263,896,1794276455.00
2024-01-08,2,0,36,13,13,1970737.00,12276,898,1796247192.00
2024-01-09,0,0,46,15,10,1151355.00,12286,898,1797398547.00
2024-01-10,0,0,31,9,11,1899858.00,12297,898,1799298405.00
2024-01-11,0,0,41,18,15,1940647.00,12312,898,1801239052.00
2024-01-12,1,0,46,10,5,884485.00,12317,899,1802123537.00
2024-01-13,0,0,42,10,9,1598031.00,12326,899,1803721568.00
2024-01-14,4,0,38,11,17,2787620.00,12343,903,1806509188.00
2024-01-15,0,0,32,12,7,891713.00,12350,903,1807400901.00
2024-01-16,2,0,37,7,17,2772177.00,12367,905,1810173078.00
2024-01-17,1,0,30,8,11,1888145.00,12378,906,1812061223.00
2024-01-18,1,0,37,14,9,1264232.00,12387,907,1813325455.00
2024-01-19,2,0,42,13,16,2561467.00,12403,909,1815886922.00
2024-01-20,0,0,31,6,8,1022381.00,12411,909,1816909303.00
2024-01-21,1,0,35,8,9,1392991.00,12420,910,1818302294.00
2024-01-22,0,0,40,10,2,306496.00,12422,910,1818608790.00
2024-01-23,0,0,39,15,4,645676.00,12426,910,1819254466.00
2024-01-24,1,0,27,8,6,1024305.00,12432,911,1820278771.00
2024-01-25,0,0,38,12,21,3029036.00,12453,911,1823307807.00
2024-01-26,0,0,38,8,7,1035786.00,12460,911,1824343593.00
2024-01-27,1,0,35,8,8,1022848.00,12468,912,1825366441.00
2024-01-28,1,0,31,8,12,1903318.00,12480,913,1827269759.00
2024-01-29,0,0,39,10,14,2224395.00,12494,913,1829494154.00
2024-01-30,0,0,27,7,1,133311.00,12495,913,1829627465.00
2024-01-31,0,0,33,11,2,353847.00,12497,913,1829981312.00
2024-02-01,1,0,37,10,13,2007621.00,12510,914,1831988933.00
2024-02-02,1,0,34,6,20,2610676.00,12530,915,1834599609.00
2024-02-03,1,0,50,20,11,2038100.00,12541,916,1836637709.00
2024-02-04,0,0,46,17,12,1715838.00,12553,916,1838353547.00
2024-02-05,0,0,33,10,14,2017448.00,12567,916,1840370995.00
2024-02-06,2,0,35,11,7,905837.00,12574,918,1841276832.00
2024-02-07,1,0,39,8,5,575070.00,12579,919,1841851902.00
2024-02-08,2,0,40,9,1,159685.00,12580,921,1842011587.00
2024-02-09,0,0,38,8,10,1558305.00,12590,921,1843569892.00
2024-02-10,0,0,45,10,4,441732.00,12594,921,1844011624.00
2024-02-11,0,0,28,6,1,159456.00,12595,921,1844171080.00
2024-02-12,0,0,34,7,11,1469719.00,12606,921,1845640799.00
2024-02-13,0,0,39,8,10,1316064.00,12616,921,1846956863.00
2024-02-14,0,0,36,13,1,100303.00,12617,921,1847057166.00
2024-02-15,0,0,38,10,11,1497992.00,12628,921,1848555158.00
2024-02-16,0,0,49,18,6,806267.00,12634,921,1849361425.00
2024-02-17,0,0,23,7,5,783875.00,12639,921,1850145300.00
2024-02-18,1,0,36,14,6,726744.00,12645,922,1850872044.00
2024-02-19,0,0,31,6,4,594244.00,12649,922,1851466288.00
2024-02-20,1,0,40,10,8,1243114.00,12657,923,1852709402.00
2024-02-21,2,0,57,24,16,1901612.00,12673,925,1854611014.00
2024-02-22,0,0,49,13,14,2151962.00,12687,925,1856762976.00
2024-02-23,1,0,45,12,5,661643.00,12692,926,1857424619.00
2024-02-24,3,0,32,8,12,1831922.00,12704,929,1859256541.00
2024-02-25,0,0,42,11,9,1456036.00,12713,929,1860712577.00
2024-02-26,0,0,36,13,6,919178.00,12719,929,1861631755.00
2024-02-27,0,0,24,5,5,830483.00,12724,929,1862462238.00
2024-02-28,0,0,34,7,13,1934155.00,12737,929,1864396393.00
2024-02-29,0,0,46,14,16,2104939.00,12753,929,1866501332.00
2024-03-01,0,0,32,5,7,1165698.00,12760,929,1867667030.00
2024-03-02,1,0,31,10,15,2198984.00,12775,930,1869866014.00
2024-03-03,1,0,31,6,7,1143466.00,12782,931,1871009480.00
2024-03-04,0,0,40,12,19,2223434.00,12801,931,1873232914.00
2024-03-05,0,0,43,15,11,1684134.00,12812,931,1874917048.00
2024-03-06,0,0,26,6,3,339075.00,12815,931,1875256123.00
2024-03-07,1,0,40,13,6,859128.00,12821,932,1876115251.00
2024-03-08,1,0,35,6,2,259844.00,12823,933,1876375095.00
2024-03-09,0,0,40,10,15,1777687.00,12838,933,1878152782.00
2024-03-10,0,0,31,7,8,1391268.00,12846,933,1879544050.00
2024-03-11,1,0,44,13,18,2411394.00,12864,934,1881955444.00
2024-03-12,1,0,34,11,8,1469604.00,12872,935,1883425048.00
2024-03-13,0,0,33,14,7,1108340.00,12879,935,1884533388.00
2024-03-14,1,0,38,10,5,847000.00,12884,936,1885380388.00
2024-03-15,0,0,37,11,6,1116008.00,12890,936,1886496396.00
2024-03-16,1,0,39,6,12,2041878.00,12902,937,1888538274.00
2024-03-17,0,0,23,9,14,2084368.00,12916,937,1890622642.00
2024-03-18,1,0,35,9,1,197912.00,12917,938,1890820554.00
2024-03-19,0,0,22,8,2,345372.00,12919,938,1891165926.00
2024-03-20,0,0,25,8,6,1092531.00,12925,938,1892258457.00
2024-03-21,0,0,26,9,4,466476.00,12929,938,1892724933.00
2024-03-22,1,0,27,6,4,726892.00,12933,939,1893451825.00
2024-03-23,1,0,31,13,8,1112238.00,12941,940,1894564063.00
2024-03-24,1,0,24,3,16,2130989.00,12957,941,1896695052.00
2024-03-25,2,0,31,12,4,516892.00,12961,943,1897211944.00
2024-03-26,0,0,31,7,15,2386808.00,12976,943,1899598752.00
2024-03-27,0,0,32,8,1,132899.00,12977,943,1899731651.00
2024-03-28,1,0,21,11,14,1879389.00,12991,944,1901611040.00
2024-03-29,0,0,32,11,12,1689869.00,13003,944,1903300909.00
2024-03-30,0,0,24,4,2,318912.00,13005,944,1903619821.00
2024-03-31,0,0,23,6,9,1277528.00,13014,944,1904897349.00
2024-04-01,1,0,27,11,8,1091054.00,13022,945,1905988403.00
2024-04-02,2,0,40,10,5,611556.00,13027,947,1906599959.00
2024-04-03,1,0,32,7,7,1252076.00,13034,948,1907852035.00
2024-04-04,1,0,37,8,9,1093216.00,13043,949,1908945251.00
2024-04-05,0,0,31,9,2,238498.00,13045,949,1909183749.00
2024-04-06,2,0,40,15,10,1437636.00,13055,951,1910621385.00
2024-04-07,1,0,36,9,11,1406817.00,13066,952,1912028202.00
2024-04-08,0,0,35,7,5,720903.00,13071,952,1912749105.00
2024-04-09,2,0,44,9,21,2889158.00,13092,954,1915638263.00
2024-04-10,1,0,38,9,7,1120727.00,13099,955,1916758990.00
2024-04-11,0,0,35,12,8,1071240.00,13107,955,1917830230.00
2024-04-12,0,0,46,12,1,112155.00,13108,955,1917942385.00
2024-04-13,0,0,27,5,12,1680088.00,13120,955,1919622473.00
2024-04-14,1,0,34,11,4,441732.00,13124,956,1920064205.00
2024-04-15,1,0,24,7,10,1476076.00,13134,957,1921540281.00
2024-04-16,1,0,37,7,2,256472.00,13136,958,1921796753.00
2024-04-17,1,0,37,8,5,713493.00,13141,959,1922510246.00
2024-04-18,2,0,32,6,3,475691.00,13144,961,1922985937.00
2024-04-19,1,0,35,6,14,2017572.00,13158,962,1925003509.00
2024-04-20,1,0,30,9,11,1549127.00,13169,963,1926552636.00
2024-04-21,0,0,27,8,6,838922.00,13175,963,1927391558.00
2024-04-22,1,0,40,12,5,716903.00,13180,964,1928108461.00
2024-04-23,1,0,35,11,10,1550484.00,13190,965,1929658945.00
2024-04-24,1,0,35,8,2,270118.00,13192,966,1929929063.00
2024-04-25,0,0,32,10,13,2222615.00,13205,966,1932151678.00
2024-04-26,0,0,45,2,16,2715590.00,13221,966,1934867268.00
2024-04-27,0,0,38,6,15,2290001.00,13236,966,1937157269.00
2024-04-28,0,0,31,11,3,394740.00,13239,966,1937552009.00
2024-04-29,0,0,27,8,6,988598.00,13245,966,1938540607.00
2024-04-30,0,0,23,7,9,1300004.00,13254,966,1939840611.00
2024-05-01,0,0,19,6,11,1685055.00,13265,966,1941525666.00
2024-05-02,0,0,20,9,10,1389310.00,13275,966,1942914976.00
2024-05-03,0,0,23,7,15,1993141.00,13290,966,1944908117.00
2024-05-04,0,0,28,12,7,1113381.00,13297,966,1946021498.00
2024-05-05,0,0,29,8,14,2242379.00,13311,966,1948263877.00
2024-05-06,2,0,28,7,8,1279240.00,13319,968,1949543117.00
2024-05-07,0,0,27,10,8,1271422.00,13327,968,1950814539.00
2024-05-08,1,0,35,10,9,1210947.00,13336,969,1952025486.00
2024-05-09,1,0,24,5,10,1280815.00,13346,970,1953306301.00
2024-05-10,1,0,40,10,12,1798678.00,13358,971,1955104979.00
2024-05-11,0,0,36,11,1,159685.00,13359,971,1955264664.00
2024-05-12,1,0,32,9,11,1503642.00,13370,972,1956768306.00
2024-05-13,4,0,37,8,8,1355875.00,13378,976,1958124181.00
2024-05-14,0,0,48,9,3,570519.00,13381,976,1958694700.00
2024-05-15,0,0,33,6,10,1309647.00,13391,976,1960004347.00
2024-05-16,0,0,35,5,5,550835.00,13396,976,1960555182.00
2024-05-17,0,0,36,7,11,1319772.00,13407,976,1961874954.00
2024-05-18,2,0,37,11,16,2353367.00,13423,978,1964228321.00
2024-05-19,0,0,43,13,6,712552.00,13429,978,1964940873.00
2024-05-20,0,0,21,9,13,1885454.00,13442,978,1966826327.00
2024-05-21,0,0,27,9,6,1060788.00,13448,978,1967887115.00
2024-05-22,1,0,29,4,17,2170155.00,13465,979,1970057270.00
2024-05-23,0,0,29,4,8,1101321.00,13473,979,1971158591.00
2024-05-24,1,0,33,12,4,791648.00,13477,980,1971950239.00
2024-05-25,1,0,33,8,6,772747.00,13483,981,1972722986.00
2024-05-26,0,0,35,16,13,1896240.00,13496,981,1974619226.00
2024-05-27,2,0,35,9,1,192659.00,13497,983,1974811885.00
2024-05-28,1,0,30,7,2,352576.00,13499,984,1975164461.00
2024-05-29,0,0,40,14,11,1377662.00,13510,984,1976542123.00
2024-05-30,0,0,37,10,13,1824490.00,13523,984,1978366613.00
2024-05-31,0,0,25,8,16,2180758.00,13539,984,1980547371.00
2024-06-01,0,0,31,8,10,1455824.00,13549,984,1982003195.00
2024-06-02,0,0,30,14,14,2405142.00,13563,984,1984408337.00
2024-06-03,0,0,26,7,7,1116722.00,13570,984,1985525059.00
2024-06-04,1,0,24,7,9,1342539.00,13579,985,1986867598.00
2024-06-05,0,0,32,9,17,2140424.00,13596,985,1989008022.00
2024-06-06,0,0,37,9,7,1235240.00,13603,985,1990243262.00
2024-06-07,0,0,31,10,5,633230.00,13608,985,1990876492.00
2024-06-08,0,0,17,3,12,1724975.00,13620,985,1992601467.00
2024-06-09,0,0,22,6,10,1514456.00,13630,985,1994115923.00
2024-06-10,0,0,19,6,9,1185944.00,13639,985,1995301867.00
2024-06-11,1,0,21,7,4,707600.00,13643,986,1996009467.00
2024-06-12,0,0,22,8,8,978420.00,13651,986,1996987887.00
2024-06-13,1,0,30,8,10,1499070.00,13661,987,1998486957.00
2024-06-14,0,0,27,11,2,286500.00,13663,987,1998773457.00
2024-06-15,0,0,22,8,12,1903778.00,13675,987,2000677235.00
2024-06-16,0,0,18,5,11,1726613.00,13686,987,2002403848.00
2024-06-17,2,0,46,16,16,2313281.00,13702,989,2004717129.00
2024-06-18,2,0,36,9,11,1950127.00,13713,991,2006667256.00
2024-06-19,0,0,43,9,2,256472.00,13715,991,2006923728.00
2024-06-20,1,0,52,13,7,981303.00,13722,992,2007905031.00
2024-06-21,0,0,52,14,7,1004838.00,13729,992,2008909869.00
2024-06-22,0,0,27,7,11,1930445.00,13740,992,2010840314.00
2024-06-23,0,0,11,0,0,0,13740,992,2010840314.00
2024-06-24,0,0,15,2,4,597484.00,13744,992,2011437798.00
2024-06-25,1,0,18,5,4,512944.00,13748,993,2011950742.00
2024-06-26,2,0,32,10,8,1047808.00,13756,995,2012998550.00
2024-06-27,0,0,43,9,4,493603.00,13760,995,2013492153.00
2024-06-28,0,0,17,7,15,2143721.00,13775,995,2015635874.00
2024-06-29,1,0,60,19,3,357747.00,13778,996,2015993621.00
2024-06-30,2,0,20,11,12,1783892.00,13790,998,2017777513.00
2024-07-01,0,0,13,4,5,552165.00,13795,998,2018329678.00
2024-07-02,1,0,34,9,12,1782606.00,13807,999,2020112284.00
2024-07-03,0,0,46,13,8,1348873.00,13815,999,2021461157.00
2024-07-04,0,0,38,12,14,2217286.00,13829,999,2023678443.00
2024-07-05,0,0,13,5,14,2474450.00,13843,999,2026152893.00
2024-07-06,1,0,23,8,4,665738.00,13847,1000,2026818631.00
2024-07-07,0,0,16,4,6,947890.00,13853,1000,2027766521.00
2024-07-08,0,0,17,4,9,1181498.00,13862,1000,2028948019.00
2024-07-09,1,0,11,3,10,1547593.00,13872,1001,2030495612.00
