gender,birth_year,num_logins,average_login_interval,days_from_last_login,member_maintenance,num_orders,average_order_interval,total_spent,total_quantity,last_login_to_withdraw,withdraw_reason,withdraw
FEMALE,1992,31,0.0,1639,1643,14,0.0,17691224.00,118,,,False
FEMALE,1986,59,5.551724137931035,424,781,11,30.5,10570253.00,74,,,False
FEMALE,1988,29,3.1785714285714284,162,275,12,6.545454545454546,15880015.00,109,,,False
FEMALE,2006,32,46.774193548387096,82,1622,11,119.5,14337767.00,94,,,False
FEMALE,1983,37,18.833333333333332,172,867,4,113.0,5815237.00,42,,,False
MALE,1990,24,0.6956521739130435,163,189,13,1.4166666666666667,16627426.00,109,,,False
FEMALE,2003,31,5.166666666666667,241,414,12,14.181818181818182,16787027.00,110,,,False
FEMALE,1998,34,19.272727272727273,73,738,11,54.2,19123997.00,128,,,False
MALE,1990,58,3.982456140350877,1236,1493,8,22.0,13585598.00,90,,,False
FEMALE,2002,41,22.95,388,1366,10,87.11111111111111,9076063.00,62,,,False
MALE,1988,40,34.41025641025641,141,1516,16,79.06666666666666,17253745.00,132,,,False
MALE,1988,35,15.558823529411764,288,854,9,62.875,10816462.00,73,,,False
MALE,1975,46,28.68888888888889,200,1520,12,72.18181818181819,16028243.00,116,,,False
MALE,1970,38,2.3513513513513513,708,815,9,9.375,13657077.00,90,,,False
MALE,2004,27,1.5384615384615385,278,328,9,5.5,15103391.00,102,,,False
MALE,1980,22,17.761904761904763,419,838,10,38.888888888888886,13270471.00,97,,,False
FEMALE,2006,13,6.416666666666667,169,256,8,8.857142857142858,9489321.00,63,,,False
MALE,1985,24,4.3478260869565215,103,218,14,7.0,18736009.00,131,,,False
FEMALE,2006,65,11.671875,446,1227,18,43.470588235294116,24634212.00,162,,,False
MALE,2009,53,7.5576923076923075,17,457,14,31.46153846153846,17518121.00,120,,,False
MALE,1971,39,1.0789473684210527,28,85,13,4.166666666666667,16517904.00,107,,,False
FEMALE,1988,18,33.35294117647059,72,652,14,42.15384615384615,13328615.00,88,,,False
FEMALE,1984,29,7.357142857142857,719,941,10,16.666666666666668,13263216.00,88,,,False
MALE,1991,61,0.5333333333333333,1288,1341,11,4.0,6795648.00,52,,,False
FEMALE,1982,23,6.454545454545454,1379,1536,13,10.0,23683167.00,165,,,False
FEMALE,2008,65,11.875,70,869,16,49.86666666666667,18435524.00,123,,,False
MALE,2006,14,67.46153846153847,407,1589,7,114.0,10354489.00,71,,,False
MALE,1975,15,2.857142857142857,43,91,13,2.9166666666666665,21965987.00,145,,,False
MALE,1989,56,18.6,355,1403,10,111.66666666666667,14973119.00,99,,,False
MALE,1994,42,21.170731707317074,132,1042,11,73.4,12381440.00,96,,,False
FEMALE,1989,44,9.116279069767442,678,1094,10,44.0,12648540.00,90,,,False
FEMALE,1972,36,12.885714285714286,458,938,7,71.5,8673989.00,62,,,False
FEMALE,1985,51,1.12,20,96,9,7.75,9732941.00,68,,,False
FEMALE,2005,34,11.242424242424242,743,1165,9,47.875,14542436.00,95,,,False
MALE,1992,20,0.15789473684210525,-1,8,14,0.23076923076923078,24363773.00,161,,,False
MALE,1975,39,0.9736842105263158,176,236,8,6.571428571428571,7529326.00,53,,,False
FEMALE,1973,45,0.9545454545454546,112,178,16,2.6666666666666665,19777111.00,136,,,False
FEMALE,2007,52,1.2549019607843137,54,142,11,7.5,14737748.00,105,,,False
MALE,1970,18,9.882352941176471,253,451,8,23.142857142857142,10002640.00,66,,,False
MALE,1991,48,0.0,10,10,12,0.0,19738813.00,141,,,False
FEMALE,1990,24,0.6086956521739131,21,42,17,0.8125,25908296.00,174,,,False
FEMALE,1980,54,6.471698113207547,195,572,9,38.25,13947867.00,96,,,False
MALE,1970,35,12.441176470588236,1,447,12,32.36363636363637,16684248.00,108,,,False
FEMALE,1976,30,7.551724137931035,692,927,6,20.0,7214236.00,49,,,False
MALE,1974,49,3.875,219,440,8,22.571428571428573,13710897.00,94,,,False
FEMALE,1984,22,19.857142857142858,143,586,8,35.0,9019758.00,63,,,False
MALE,2009,26,25.4,192,845,8,77.14285714285714,9563920.00,70,,,False
MALE,2005,44,0.3023255813953488,742,770,9,2.875,13358848.00,94,,,False
FEMALE,2005,35,9.411764705882353,274,608,16,19.533333333333335,23743810.00,163,,,False
MALE,1987,31,20.166666666666668,586,1209,18,34.64705882352941,28718512.00,196,,,False
FEMALE,1995,47,24.67391304347826,269,1448,15,75.78571428571429,20372937.00,138,,,False
MALE,1973,29,4.428571428571429,457,606,7,19.333333333333332,11582706.00,80,,,False
FEMALE,2001,46,1.0666666666666667,320,390,6,5.2,6830171.00,46,,,False
MALE,1987,31,26.8,334,1156,12,51.0,12311136.00,83,,,False
FEMALE,2001,23,24.681818181818183,442,1000,9,55.625,14884828.00,95,,,False
MALE,1981,40,33.02564102564103,183,1509,7,113.0,7488227.00,51,,,False
FEMALE,1977,16,10.6,1274,1441,6,11.0,6093611.00,44,,,False
FEMALE,1987,45,16.136363636363637,163,940,11,61.3,7896234.00,59,,,False
FEMALE,1982,32,6.096774193548387,202,413,18,11.0,23093962.00,156,,,False
FEMALE,1995,46,26.0,153,1365,12,87.54545454545455,12178963.00,88,,,False
FEMALE,1994,38,24.16216216216216,512,1440,11,65.5,18171984.00,127,,,False
FEMALE,2004,56,6.054545454545455,507,872,12,28.545454545454547,16288456.00,110,,,False
FEMALE,1990,25,0.25,91,106,13,0.75,18652136.00,130,,,False
FEMALE,2010,17,20.0,782,1109,12,27.818181818181817,12158137.00,86,,,False
FEMALE,2000,58,19.17543859649123,15,1140,7,121.66666666666667,8350090.00,58,,,False
MALE,2003,16,34.8,98,628,10,49.333333333333336,9743268.00,68,,,False
MALE,1972,22,9.238095238095237,542,746,6,27.6,5762700.00,38,,,False
FEMALE,1973,31,29.866666666666667,253,1244,15,57.0,18805522.00,125,,,False
MALE,1993,55,9.88888888888889,234,796,12,42.09090909090909,17853953.00,123,,,False
MALE,2004,46,0.8444444444444444,48,107,9,6.25,17171521.00,113,,,False
FEMALE,2010,23,10.272727272727273,189,429,10,14.666666666666666,10088208.00,69,,,False
MALE,1973,61,9.066666666666666,607,1204,14,43.15384615384615,17524149.00,117,,,False
FEMALE,2006,25,8.541666666666666,1332,1547,12,17.727272727272727,14339325.00,96,,,False
FEMALE,2005,47,22.717391304347824,104,1182,10,98.33333333333333,12314607.00,82,,,False
FEMALE,2010,59,0.0,664,670,11,0.2,11090060.00,77,,,False
FEMALE,1977,37,1.5833333333333333,36,109,14,4.6923076923076925,13416473.00,99,,,False
FEMALE,1980,31,17.366666666666667,813,1397,9,60.875,12328850.00,85,,,False
FEMALE,2004,34,16.181818181818183,59,608,8,43.0,11246461.00,76,,,False
MALE,1989,46,10.688888888888888,194,708,9,49.875,8812298.00,63,,,False
MALE,1990,23,5.090909090909091,1166,1291,11,10.1,13679646.00,94,,,False
MALE,2002,12,0.09090909090909091,23,28,10,0.1111111111111111,14502952.00,95,,,False
MALE,1986,24,18.130434782608695,163,607,8,52.714285714285715,12754329.00,88,,,False
FEMALE,1974,15,40.357142857142854,520,1128,10,55.44444444444444,13405784.00,87,,,False
FEMALE,1977,51,5.88,1183,1506,6,59.2,5804989.00,45,,,False
MALE,1992,40,21.025641025641026,481,1392,12,65.81818181818181,15284638.00,104,,,False
MALE,1976,39,9.421052631578947,560,959,12,29.363636363636363,13813866.00,96,,,False
FEMALE,1996,54,24.056603773584907,223,1527,10,132.33333333333334,11032427.00,80,,,False
FEMALE,1976,51,6.6,1136,1493,9,28.5,13425000.00,90,,,False
FEMALE,1978,21,67.8,228,1643,5,308.5,6310545.00,46,,,False
FEMALE,1981,49,13.416666666666666,298,1005,6,95.8,9858314.00,63,,,False
MALE,2007,46,10.066666666666666,931,1411,10,38.77777777777778,12530012.00,81,,,False
MALE,1995,19,8.833333333333334,116,286,10,13.777777777777779,11145480.00,77,,,False
FEMALE,2005,13,40.666666666666664,109,912,11,45.1,14882022.00,98,,,False
FEMALE,1988,56,15.854545454545455,135,1041,11,84.7,11060665.00,76,,,False
MALE,2010,50,15.428571428571429,636,1421,15,53.142857142857146,20498746.00,144,,,False
MALE,1984,56,2.709090909090909,96,271,13,12.5,14671638.00,99,,,False
FEMALE,2005,18,8.647058823529411,439,600,9,17.625,10709584.00,76,,,False
MALE,1991,44,1.2093023255813953,7,82,6,6.4,6722530.00,49,,,False
MALE,1973,36,9.6,525,880,12,29.454545454545453,17457836.00,115,,,False
FEMALE,1975,44,8.418604651162791,494,884,10,40.111111111111114,14812542.00,102,,,False
FEMALE,1997,24,0.5652173913043478,761,783,15,0.7857142857142857,24671761.00,164,,,False
MALE,1987,27,23.884615384615383,538,1187,8,86.71428571428571,8056208.00,56,,,False
FEMALE,1971,34,22.484848484848484,187,949,11,62.2,14924278.00,100,,,False
FEMALE,2006,53,5.230769230769231,625,932,7,44.833333333333336,8257512.00,57,,,False
MALE,1990,19,26.72222222222222,660,1160,9,51.875,11388928.00,72,,,False
MALE,1992,35,0.5294117647058824,248,280,10,3.0,16039133.00,105,,,False
FEMALE,1973,15,6.357142857142857,137,234,6,18.0,11113988.00,69,,,False
MALE,1971,20,16.0,105,442,17,19.0,22492261.00,162,,,False
MALE,1975,50,9.83673469387755,528,1034,5,117.75,7371892.00,57,,,False
MALE,1971,19,0.5,65,82,7,1.5,10795164.00,75,,,False
FEMALE,1975,54,0.20754716981132076,305,337,8,3.857142857142857,11385273.00,69,,,False
MALE,1978,15,61.92857142857143,630,1564,13,59.083333333333336,12130793.00,79,,,False
MALE,1992,33,0.5,1605,1636,9,2.75,17102401.00,116,,,False
MALE,1983,16,5.133333333333334,144,228,13,6.5,16290334.00,110,,,False
MALE,1975,23,0.8181818181818182,392,420,13,1.9166666666666667,15390730.00,104,,,False
FEMALE,1984,15,0.5714285714285714,252,268,10,1.0,16324542.00,110,,,False
MALE,2003,42,7.219512195121951,1112,1428,13,19.916666666666668,13562889.00,92,,,False
MALE,2009,19,59.333333333333336,21,1280,8,105.14285714285714,9033816.00,64,,,False
MALE,2006,53,9.51923076923077,113,652,8,38.857142857142854,8046603.00,56,,,False
FEMALE,1985,45,18.227272727272727,107,963,11,67.2,14268955.00,89,,,False
MALE,1988,51,2.02,607,731,7,12.833333333333334,11193912.00,76,,,False
MALE,2000,25,6.083333333333333,570,729,15,10.5,17028492.00,119,,,False
MALE,1986,37,17.36111111111111,552,1205,10,49.77777777777778,13604547.00,94,,,False
FEMALE,1975,58,4.315789473684211,118,398,8,33.285714285714285,10237744.00,69,,,False
MALE,2001,49,7.604166666666667,100,504,8,34.42857142857143,13709982.00,95,,,False
MALE,2010,47,8.5,1075,1501,11,30.3,15349996.00,105,,,False
MALE,1970,37,11.777777777777779,593,1045,10,43.888888888888886,12616805.00,89,,,False
FEMALE,1972,26,43.56,157,1264,12,98.9090909090909,18296207.00,131,,,False
MALE,2007,51,6.7,787,1149,6,58.2,7093163.00,49,,,False
FEMALE,2001,51,3.64,108,320,7,33.166666666666664,9589898.00,65,,,False
FEMALE,1987,30,1.9310344827586208,99,174,13,4.333333333333333,16051378.00,115,,,False
MALE,1997,40,17.333333333333332,609,1308,9,82.375,15031476.00,104,,,False
FEMALE,1998,62,0.04918032786885246,171,187,11,0.9,15344613.00,101,,,False
MALE,1982,36,30.114285714285714,198,1271,11,94.1,15669703.00,105,,,False
MALE,1980,52,0.0,463,466,9,0.125,13821051.00,95,,,False
FEMALE,1974,52,1.0588235294117647,104,185,15,5.142857142857143,26189217.00,181,,,False
MALE,1999,17,62.1875,46,1082,9,112.5,13858840.00,90,,,False
FEMALE,1976,59,9.931034482758621,218,855,13,34.416666666666664,19355787.00,123,,,False
FEMALE,1992,24,38.78260869565217,321,1230,12,61.63636363636363,16752694.00,116,,,False
MALE,1980,9,23.25,152,345,7,24.666666666666668,9029266.00,60,,,False
FEMALE,1990,28,2.074074074074074,189,260,8,6.285714285714286,11663155.00,79,,,False
FEMALE,1984,61,18.25,64,1212,14,65.84615384615384,25564559.00,174,,,False
MALE,1998,24,10.08695652173913,135,413,13,19.416666666666668,20819633.00,140,,,False
MALE,1995,12,2.0,178,207,8,2.7142857142857144,12858332.00,93,,,False
FEMALE,1996,34,22.242424242424242,835,1594,8,82.85714285714286,7870614.00,57,,,False
MALE,1988,16,0.6,160,174,13,0.8333333333333334,19136944.00,127,,,False
MALE,1990,63,3.806451612903226,492,764,12,22.454545454545453,12154806.00,81,,,False
MALE,1978,54,6.60377358490566,129,508,12,25.0,14488705.00,104,,,False
FEMALE,1993,23,45.31818181818182,44,1061,5,170.25,9903295.00,71,,,False
MALE,1984,40,23.0,43,1011,8,126.57142857142857,15960554.00,104,,,False
MALE,1987,58,12.087719298245615,153,879,7,104.16666666666667,8055828.00,57,,,False
FEMALE,1980,27,5.3076923076923075,1162,1320,9,14.625,12359061.00,84,,,False
FEMALE,2010,17,44.3125,30,751,14,50.61538461538461,19732661.00,124,,,False
FEMALE,1995,29,21.428571428571427,549,1179,7,90.16666666666667,11997405.00,88,,,False
FEMALE,1990,57,4.446428571428571,383,662,6,51.8,8331450.00,54,,,False
FEMALE,2005,11,22.4,554,820,9,27.5,16797714.00,105,,,False
FEMALE,2010,24,14.304347826086957,89,438,11,32.6,14307838.00,100,,,False
FEMALE,1992,18,26.176470588235293,330,790,8,41.142857142857146,6808324.00,45,,,False
MALE,1990,13,82.91666666666667,600,1628,10,97.77777777777777,13036337.00,88,,,False
MALE,2005,15,19.714285714285715,293,604,5,58.0,6965453.00,43,,,False
MALE,2004,7,183.0,147,1333,5,213.5,5945193.00,41,,,False
FEMALE,1994,48,3.25531914893617,645,817,12,14.181818181818182,13692504.00,101,,,False
FEMALE,1972,60,3.0847457627118646,24,233,10,20.22222222222222,17044216.00,119,,,False
MALE,2005,11,54.8,377,1050,9,62.25,9089707.00,64,,,False
MALE,2009,56,0.09090909090909091,5,26,12,1.3636363636363635,12702379.00,85,,,False
FEMALE,2010,44,0.0,245,246,10,0.0,15029209.00,98,,,False
MALE,1977,29,13.964285714285714,662,1074,10,40.44444444444444,16105249.00,111,,,False
MALE,2005,35,12.176470588235293,453,885,15,27.0,15294199.00,112,,,False
FEMALE,2006,37,1.1666666666666667,396,452,9,6.625,9762162.00,66,,,False
MALE,1994,26,2.56,3,80,15,4.857142857142857,20454246.00,142,,,False
FEMALE,1995,40,14.41025641025641,368,976,6,97.6,12761573.00,86,,,False
MALE,1989,16,11.133333333333333,1189,1363,13,11.083333333333334,17930080.00,119,,,False
MALE,1970,22,55.42857142857143,83,1289,9,131.125,15398792.00,105,,,False
MALE,1995,25,0.625,822,847,13,1.1666666666666667,15708952.00,112,,,False
MALE,2009,21,11.35,210,448,6,43.0,8929039.00,61,,,False
FEMALE,1999,46,0.0,720,731,5,0.5,4597690.00,34,,,False
MALE,2003,18,13.764705882352942,127,374,8,28.714285714285715,9799849.00,70,,,False
FEMALE,1981,44,0.5116279069767442,53,94,6,3.6,7198487.00,46,,,False
FEMALE,2000,62,12.081967213114755,296,1063,13,48.916666666666664,19983069.00,137,,,False
FEMALE,1996,35,11.647058823529411,527,941,10,40.44444444444444,9018354.00,63,,,False
MALE,1985,47,5.804347826086956,550,847,9,30.5,15738265.00,106,,,False
MALE,2003,58,5.614035087719298,492,841,13,27.583333333333332,14322944.00,99,,,False
MALE,1993,15,5.642857142857143,350,450,4,22.333333333333332,6402594.00,46,,,False
FEMALE,2000,18,1.7058823529411764,42,81,11,2.6,17368101.00,123,,,False
MALE,1984,44,13.162790697674419,326,913,11,48.4,11414160.00,73,,,False
FEMALE,2004,33,0.8125,22,60,10,3.5555555555555554,13522901.00,97,,,False
MALE,1993,64,4.111111111111111,114,412,13,21.0,15397352.00,105,,,False
FEMALE,2003,14,23.692307692307693,974,1294,7,51.166666666666664,9960887.00,64,,,False
FEMALE,1989,40,3.230769230769231,193,347,10,13.555555555555555,15344340.00,104,,,False
MALE,1973,37,27.055555555555557,71,1111,6,100.0,5074293.00,36,,,False
MALE,1998,37,12.86111111111111,589,1105,5,80.75,4582391.00,31,,,False
FEMALE,1995,50,4.959183673469388,1299,1580,9,25.5,13930664.00,95,,,False
MALE,2004,56,0.509090909090909,114,163,11,2.7,15667609.00,104,,,False
MALE,1981,40,2.871794871794872,1011,1146,10,12.88888888888889,11954395.00,81,,,False
MALE,1978,56,5.109090909090909,1177,1493,6,60.2,7260992.00,53,,,False
MALE,1991,28,10.407407407407407,34,331,9,24.75,14903602.00,99,,,False
MALE,2002,57,0.8571428571428571,682,754,11,5.7,16411603.00,107,,,False
MALE,1985,41,7.225,302,623,5,71.25,8675781.00,56,,,False
FEMALE,1990,31,27.766666666666666,66,983,6,67.8,3731649.00,29,,,False
MALE,1990,23,12.590909090909092,362,666,7,38.833333333333336,5535506.00,40,,,False
FEMALE,2003,28,14.037037037037036,39,456,11,36.3,14430347.00,98,,,False
FEMALE,1975,18,17.529411764705884,968,1352,11,22.8,11640728.00,74,,,False
FEMALE,1974,29,7.714285714285714,335,568,9,14.25,13392393.00,92,,,False
MALE,1979,45,17.477272727272727,32,837,10,82.33333333333333,16756052.00,111,,,False
MALE,1990,50,3.4489795918367347,729,922,10,15.222222222222221,14916338.00,98,,,False
MALE,2003,46,21.355555555555554,101,1093,5,220.25,6142435.00,44,,,False
FEMALE,2008,47,1.7173913043478262,720,823,9,11.375,15705691.00,107,,,False
MALE,1975,59,6.844827586206897,411,842,14,32.46153846153846,11960715.00,83,,,False
MALE,1996,34,22.636363636363637,721,1488,8,100.85714285714286,9626060.00,68,,,False
MALE,1993,49,3.4791666666666665,487,680,15,11.071428571428571,16870504.00,111,,,False
FEMALE,2003,38,12.756756756756756,74,571,7,59.666666666666664,11363144.00,72,,,False
FEMALE,1970,22,15.095238095238095,793,1120,5,62.75,8259408.00,54,,,False
FEMALE,1988,17,48.8125,144,1175,9,84.125,8866898.00,65,,,False
MALE,2005,57,0.14285714285714285,14,43,12,1.4545454545454546,18890547.00,127,,,False
MALE,1974,25,45.916666666666664,187,1325,6,190.4,8218671.00,52,,,False
MALE,2007,54,5.2075471698113205,778,1080,14,19.923076923076923,17626981.00,117,,,False
FEMALE,1971,17,9.5,617,785,10,17.11111111111111,10373887.00,70,,,False
FEMALE,2009,59,8.448275862068966,102,627,10,53.666666666666664,9340409.00,65,,,False
MALE,1982,22,63.23809523809524,154,1503,12,96.63636363636364,14661284.00,103,,,False
MALE,1998,11,67.4,381,1070,6,132.0,7937978.00,56,,,False
MALE,1997,55,22.38888888888889,326,1585,13,94.58333333333333,14540146.00,101,,,False
MALE,2005,17,1.125,463,491,13,1.5,18184986.00,134,,,False
FEMALE,1975,33,17.4375,327,914,8,65.0,11814706.00,79,,,False
FEMALE,1992,33,0.875,1406,1446,13,2.75,14914462.00,99,,,False
MALE,1981,59,1.103448275862069,102,192,14,5.769230769230769,19890337.00,129,,,False
MALE,1979,52,2.8627450980392157,247,418,6,17.6,11679884.00,82,,,False
FEMALE,2005,22,20.0,515,969,9,39.375,14590241.00,105,,,False
MALE,2005,47,0.41304347826086957,14,52,5,1.75,6819288.00,49,,,False
MALE,2004,27,4.461538461538462,702,832,14,6.461538461538462,20665618.00,133,,,False
FEMALE,1989,13,17.916666666666668,23,295,10,16.666666666666668,8991076.00,62,,,False
MALE,1983,13,66.58333333333333,164,985,6,125.0,7007263.00,44,,,False
FEMALE,1978,56,0.6545454545454545,13,75,5,7.0,5886164.00,39,,,False
FEMALE,1979,44,21.86046511627907,113,1078,11,77.8,14309030.00,98,,,False
FEMALE,1993,64,6.904761904761905,223,697,13,38.166666666666664,19115991.00,127,,,False
MALE,1990,14,46.92307692307692,350,968,5,135.25,8967540.00,58,,,False
MALE,1978,58,12.631578947368421,87,873,9,83.5,16055244.00,110,,,False
FEMALE,1995,47,4.413043478260869,100,337,5,20.75,5832950.00,42,,,False
MALE,2000,34,30.424242424242426,220,1250,9,122.25,9102375.00,67,,,False
MALE,2003,16,8.333333333333334,63,198,6,21.4,6451906.00,45,,,False
MALE,1986,27,16.846153846153847,617,1089,10,39.0,14642124.00,98,,,False
MALE,1973,22,0.5714285714285714,26,46,7,2.0,7249732.00,50,,,False
MALE,1995,13,14.833333333333334,1139,1343,9,19.75,8975585.00,57,,,False
FEMALE,1971,30,38.3448275862069,437,1601,14,82.23076923076923,16619783.00,111,,,False
FEMALE,1981,17,21.0625,899,1263,15,22.571428571428573,21215807.00,143,,,False
FEMALE,1975,51,2.56,343,499,11,11.3,12889535.00,89,,,False
MALE,1995,25,16.833333333333332,243,708,10,42.77777777777778,13242379.00,94,,,False
FEMALE,2001,26,21.84,538,1109,6,80.2,11117572.00,72,,,False
MALE,1975,46,0.9111111111111111,384,440,7,8.333333333333334,7355220.00,51,,,False
MALE,1982,51,23.84,39,1264,9,123.375,10328066.00,68,,,False
FEMALE,1973,34,4.0606060606060606,1049,1197,7,18.5,5903039.00,40,,,False
FEMALE,1991,25,39.833333333333336,430,1551,6,156.6,8110764.00,62,,,False
FEMALE,1979,18,4.176470588235294,81,163,12,5.090909090909091,17680328.00,121,,,False
FEMALE,1995,49,31.958333333333332,47,1608,16,91.46666666666667,25522181.00,173,,,False
FEMALE,2006,32,27.161290322580644,258,1120,10,68.44444444444444,15831480.00,105,,,False
MALE,2001,59,4.637931034482759,899,1200,12,13.909090909090908,16592829.00,116,,,False
FEMALE,1974,14,72.6923076923077,301,1301,7,137.33333333333334,7163002.00,54,,,False
MALE,1971,42,8.731707317073171,524,908,12,30.363636363636363,15105764.00,103,,,False
FEMALE,1982,11,27.0,915,1192,5,46.75,8144201.00,54,,,False
MALE,1985,17,12.9375,5,220,4,11.666666666666666,5213317.00,36,,,False
FEMALE,1981,19,41.22222222222222,506,1297,12,53.72727272727273,20628269.00,137,,,False
FEMALE,1982,16,2.0,155,195,13,2.25,17115240.00,116,,,False
FEMALE,1976,31,1.4333333333333333,4,60,5,8.25,6228752.00,42,,,False
MALE,1988,39,20.55263157894737,69,877,9,96.625,9628219.00,67,,,False
FEMALE,1970,39,21.105263157894736,218,1068,13,64.33333333333333,16818274.00,115,,,False
FEMALE,2002,34,31.96969696969697,427,1508,8,141.28571428571428,6401430.00,40,,,False
MALE,1995,37,3.0833333333333335,1054,1181,12,9.636363636363637,16296049.00,110,,,False
FEMALE,1986,56,1.9636363636363636,120,264,7,9.666666666666666,9048122.00,56,,,False
MALE,2008,15,16.071428571428573,1019,1332,11,22.3,10930740.00,79,,,False
FEMALE,2004,45,2.0454545454545454,42,153,8,14.0,12360267.00,85,,,False
FEMALE,1992,54,0.0,880,887,15,0.2857142857142857,19378094.00,141,,,False
FEMALE,2004,34,3.212121212121212,218,340,9,13.0,11964236.00,76,,,False
MALE,2000,59,0.3275862068965517,882,921,14,2.5384615384615383,19621394.00,137,,,False
MALE,2007,41,8.875,366,740,7,54.333333333333336,9833314.00,70,,,False
MALE,1975,11,34.5,1030,1387,8,43.42857142857143,9262332.00,64,,,False
MALE,1970,32,20.161290322580644,423,1084,10,63.0,14787746.00,101,,,False
FEMALE,2010,57,23.339285714285715,75,1413,7,164.83333333333334,8084963.00,60,,,False
MALE,1996,20,0.0,906,911,11,0.0,13065734.00,94,,,False
FEMALE,1976,38,17.2972972972973,405,1073,14,49.84615384615385,13187390.00,90,,,False
MALE,1973,49,0.0,86,98,16,0.2,22794481.00,160,,,False
MALE,1988,35,17.147058823529413,220,838,13,39.333333333333336,16345013.00,113,,,False
MALE,1983,28,36.77777777777778,234,1331,10,102.55555555555556,14374820.00,102,,,False
MALE,1977,41,29.85,309,1564,8,136.14285714285714,9768800.00,67,,,False
MALE,2010,13,120.41666666666667,123,1579,8,205.71428571428572,6573587.00,46,,,False
FEMALE,2003,28,18.85185185185185,1056,1622,5,38.5,6366627.00,46,,,False
FEMALE,1995,21,20.85,275,770,10,43.666666666666664,15684031.00,107,,,False
FEMALE,1971,31,1.9,131,204,10,6.333333333333333,15628205.00,106,,,False
FEMALE,1990,19,19.77777777777778,439,886,4,117.33333333333333,3523612.00,25,,,False
FEMALE,1979,33,0.0625,32,45,19,0.3888888888888889,17726213.00,124,,,False
FEMALE,1972,34,6.333333333333333,197,424,7,20.833333333333332,7701208.00,56,,,False
FEMALE,2005,11,54.3,751,1377,8,76.85714285714286,10626715.00,72,,,False
FEMALE,2005,48,0.8297872340425532,119,177,13,4.083333333333333,17969580.00,125,,,False
FEMALE,2004,29,8.464285714285714,339,603,7,21.333333333333332,11074902.00,76,,,False
MALE,1972,63,12.46774193548387,506,1312,13,61.083333333333336,18533990.00,133,,,False
FEMALE,1991,48,0.5319148936170213,646,693,12,3.3636363636363638,11785884.00,85,,,False
FEMALE,2001,43,11.166666666666666,608,1162,7,63.0,10144436.00,68,,,False
FEMALE,1974,13,100.58333333333333,310,1554,8,172.57142857142858,14567838.00,97,,,False
FEMALE,1977,25,9.333333333333334,954,1188,9,16.5,12933724.00,85,,,False
FEMALE,1970,55,14.518518518518519,51,882,7,82.33333333333333,12817304.00,84,,,False
FEMALE,1986,34,28.545454545454547,485,1464,11,89.2,20025958.00,139,,,False
FEMALE,1984,28,18.88888888888889,0,552,8,38.857142857142854,13305484.00,86,,,False
FEMALE,2000,29,33.214285714285715,341,1302,11,75.6,18332498.00,131,,,False
FEMALE,1996,53,8.865384615384615,708,1203,11,39.7,13300108.00,85,,,False
MALE,1999,39,15.18421052631579,627,1224,13,39.583333333333336,15706607.00,109,,,False
MALE,1995,25,27.541666666666668,605,1281,9,70.875,10418321.00,71,,,False
FEMALE,1982,66,1.2153846153846153,132,244,16,6.8,16111483.00,111,,,False
MALE,1978,14,0.0,17,21,12,0.0,15857722.00,109,,,False
FEMALE,1980,46,22.2,97,1124,8,98.14285714285714,13738321.00,94,,,False
FEMALE,1985,13,41.583333333333336,444,953,8,64.28571428571429,10820610.00,82,,,False
FEMALE,1986,44,1.7906976744186047,17,115,11,8.0,13597032.00,96,,,False
MALE,1976,47,26.608695652173914,270,1544,10,115.55555555555556,15662938.00,108,,,False
FEMALE,1981,18,1.1764705882352942,79,106,12,1.6363636363636365,19937744.00,141,,,False
MALE,1996,15,21.714285714285715,11,336,10,30.0,12034822.00,80,,,False
MALE,1985,48,11.191489361702128,535,1089,12,31.181818181818183,18587625.00,118,,,False
MALE,2003,43,11.928571428571429,189,717,6,62.8,11705885.00,74,,,False
MALE,1981,48,17.02127659574468,66,910,8,106.71428571428571,10462507.00,74,,,False
FEMALE,1999,29,6.964285714285714,499,707,14,14.384615384615385,24229837.00,158,,,False
MALE,1990,47,1.2608695652173914,1053,1134,13,5.916666666666667,13311098.00,93,,,False
FEMALE,1990,23,41.18181818181818,467,1416,7,122.5,6113805.00,43,,,False
MALE,1992,10,8.11111111111111,78,159,8,10.0,13347077.00,91,,,False
FEMALE,1992,25,4.375,1524,1641,10,12.11111111111111,12353374.00,83,,,False
FEMALE,1998,31,3.9,975,1106,11,10.7,12740930.00,87,,,False
FEMALE,1982,29,12.321428571428571,458,914,11,28.4,16566194.00,109,,,False
FEMALE,1987,24,32.47826086956522,13,844,12,57.0,13189768.00,90,,,False
MALE,1990,35,3.3529411764705883,39,172,8,15.714285714285714,12529037.00,84,,,False
MALE,2004,34,23.242424242424242,481,1279,13,56.083333333333336,15984319.00,114,,,False
FEMALE,2010,23,19.90909090909091,188,649,10,36.55555555555556,11906203.00,81,,,False
MALE,1990,21,0.0,283,283,13,0.0,17360861.00,123,,,False
MALE,1989,24,6.043478260869565,1246,1405,7,19.666666666666668,9921131.00,70,,,False
FEMALE,1978,36,3.8857142857142857,365,520,5,29.5,8657170.00,54,,,False
FEMALE,1971,55,19.27777777777778,17,1107,8,77.14285714285714,10416233.00,67,,,False
FEMALE,1996,8,9.0,371,440,5,8.25,5862863.00,43,,,False
FEMALE,2004,57,5.857142857142857,507,864,12,30.0,13323419.00,90,,,False
MALE,1982,26,19.56,229,731,12,40.27272727272727,13920087.00,92,,,False
FEMALE,2005,17,69.9375,369,1503,11,101.2,12285889.00,84,,,False
MALE,1973,45,10.272727272727273,772,1255,11,44.0,14475741.00,94,,,False
FEMALE,1979,33,1.1875,1395,1448,2,15.0,2726718.00,19,,,False
MALE,1971,61,4.633333333333334,121,428,13,23.416666666666668,19762783.00,134,,,False
MALE,1981,19,7.5,200,344,7,22.0,7976345.00,57,,,False
FEMALE,1983,35,28.11764705882353,266,1273,7,145.5,9065376.00,60,,,False
MALE,1997,40,16.17948717948718,935,1593,10,61.111111111111114,17426825.00,114,,,False
FEMALE,1973,21,0.8,1213,1237,9,2.125,6947718.00,51,,,False
FEMALE,1970,39,18.36842105263158,638,1365,15,48.785714285714285,21313068.00,137,,,False
MALE,1974,26,19.56,584,1098,2,378.0,1576277.00,9,,,False
FEMALE,1984,50,0.10204081632653061,986,1010,10,1.8888888888888888,12957986.00,85,,,False
FEMALE,1987,29,44.107142857142854,86,1368,13,94.75,12595883.00,85,,,False
MALE,1996,19,17.22222222222222,667,986,15,20.714285714285715,20637532.00,139,,,False
FEMALE,1980,34,2.6363636363636362,8,112,5,16.25,7945594.00,55,,,False
MALE,2006,17,19.3125,760,1110,14,23.23076923076923,23117292.00,160,,,False
FEMALE,1970,65,0.34375,650,695,15,2.2142857142857144,15214685.00,105,,,False
FEMALE,1994,48,9.46808510638298,199,677,10,40.77777777777778,16894509.00,110,,,False
MALE,1987,31,1.4666666666666666,60,117,10,5.0,12127910.00,84,,,False
MALE,1973,10,9.444444444444445,622,711,7,14.166666666666666,14510938.00,99,,,False
FEMALE,1976,20,4.421052631578948,123,216,13,6.333333333333333,17116338.00,116,,,False
FEMALE,1991,40,0.4358974358974359,242,277,8,4.0,8780335.00,57,,,False
MALE,1992,34,4.0606060606060606,765,917,10,15.555555555555555,11407247.00,75,,,False
MALE,1990,42,26.585365853658537,135,1250,15,60.714285714285715,18720934.00,124,,,False
FEMALE,1997,50,1.6938775510204083,426,533,10,10.11111111111111,10227775.00,68,,,False
MALE,1982,47,17.5,556,1437,10,78.33333333333333,10660656.00,73,,,False
FEMALE,1991,29,20.571428571428573,134,753,5,133.5,6741937.00,42,,,False
FEMALE,2006,39,0.02631578947368421,216,226,12,0.18181818181818182,19770345.00,138,,,False
FEMALE,2004,15,65.0,44,1097,6,148.0,8443094.00,56,,,False
FEMALE,1975,44,1.6046511627906976,36,129,9,6.875,13607730.00,91,,,False
FEMALE,1987,48,9.212765957446809,157,629,14,33.84615384615385,16934069.00,119,,,False
FEMALE,1989,32,2.6774193548387095,131,226,8,12.714285714285714,13309846.00,91,,,False
MALE,2008,58,0.3157894736842105,401,437,9,1.875,13392556.00,93,,,False
FEMALE,1985,49,0.10416666666666667,812,829,9,1.75,15884497.00,107,,,False
FEMALE,1998,40,3.1025641025641026,746,891,6,16.4,6754987.00,45,,,False
MALE,1999,41,6.825,831,1147,8,39.142857142857146,15568264.00,100,,,False
FEMALE,1985,49,8.458333333333334,789,1218,5,92.0,8941564.00,58,,,False
FEMALE,1971,33,4.78125,538,709,8,17.857142857142858,13171443.00,92,,,False
FEMALE,1993,24,16.08695652173913,142,525,8,40.42857142857143,8294329.00,59,,,False
FEMALE,1973,52,4.1568627450980395,322,563,8,23.0,10126843.00,72,,,False
MALE,2007,51,29.18,96,1589,8,157.14285714285714,12192705.00,80,,,False
MALE,1993,23,2.6363636363636362,538,607,10,6.111111111111111,13780912.00,93,,,False
MALE,1970,24,4.869565217391305,318,442,6,21.0,9128773.00,63,,,False
FEMALE,1978,23,18.90909090909091,90,568,11,37.9,15300915.00,106,,,False
FEMALE,1993,58,0.5789473684210527,664,716,8,6.571428571428571,5333076.00,38,,,False
FEMALE,1971,49,11.8125,260,861,13,45.75,13926052.00,95,,,False
MALE,1995,19,62.5,23,1331,14,84.46153846153847,17958109.00,119,,,False
FEMALE,2007,25,10.75,18,297,13,19.916666666666668,18431280.00,123,,,False
MALE,2001,33,0.0,0,3,11,0.0,13049775.00,85,,,False
MALE,1976,14,24.615384615384617,80,435,8,38.142857142857146,11262998.00,70,,,False
FEMALE,1986,28,11.37037037037037,91,414,14,22.76923076923077,18003534.00,120,,,False
FEMALE,1979,20,48.31578947368421,379,1377,8,124.14285714285714,12716178.00,81,,,False
MALE,1992,27,35.92307692307692,433,1391,17,53.1875,25357748.00,172,,,False
MALE,1987,17,39.6875,589,1266,15,42.142857142857146,24178477.00,159,,,False
MALE,2003,25,11.041666666666666,1092,1371,8,38.57142857142857,10103399.00,69,,,False
MALE,1999,57,0.75,637,701,7,7.5,9890451.00,66,,,False
MALE,1992,21,38.1,790,1573,11,75.5,13109121.00,87,,,False
MALE,1989,10,27.88888888888889,31,300,8,35.57142857142857,10855814.00,80,,,False
FEMALE,1972,59,2.6379310344827585,114,292,8,17.428571428571427,10378111.00,74,,,False
MALE,2004,29,4.428571428571429,42,183,13,10.5,18181258.00,119,,,False
FEMALE,1988,17,10.1875,92,263,9,18.5,8227893.00,54,,,False
FEMALE,1976,23,12.681818181818182,328,637,7,29.5,7761276.00,55,,,False
MALE,1977,47,0.021739130434782608,124,136,12,0.7272727272727273,13809201.00,96,,,False
FEMALE,1985,44,0.3023255813953488,13,42,6,3.8,7712981.00,54,,,False
MALE,1972,40,4.666666666666667,243,445,8,23.428571428571427,6913684.00,52,,,False
MALE,1978,25,0.08333333333333333,231,238,10,0.2222222222222222,13071666.00,88,,,False
FEMALE,2006,44,11.395348837209303,354,872,8,57.857142857142854,8672372.00,60,,,False
FEMALE,1980,30,11.586206896551724,1072,1463,8,41.857142857142854,5789247.00,42,,,False
FEMALE,2004,27,35.5,379,1336,17,52.0625,24525340.00,163,,,False
FEMALE,1978,21,49.0,363,1374,8,125.42857142857143,6576478.00,43,,,False
FEMALE,1978,31,0.2,473,489,11,0.4,13156803.00,88,,,False
FEMALE,1986,58,11.701754385964913,892,1598,11,64.1,16370586.00,113,,,False
FEMALE,1996,45,14.386363636363637,912,1572,10,48.22222222222222,13052306.00,87,,,False
MALE,1997,21,7.6,32,216,9,12.25,11847625.00,85,,,False
FEMALE,1993,48,0.02127659574468085,3,13,13,0.3333333333333333,15707616.00,105,,,False
FEMALE,1989,21,17.75,174,599,15,24.428571428571427,18248905.00,125,,,False
FEMALE,2001,55,0.0,1123,1132,7,0.8333333333333334,6567347.00,48,,,False
FEMALE,2001,36,6.514285714285714,1120,1363,9,17.375,10849964.00,75,,,False
MALE,2001,37,19.305555555555557,58,805,6,104.8,9008627.00,63,,,False
MALE,2009,25,1.3333333333333333,9,57,11,3.1,13601215.00,96,,,False
MALE,1999,54,1.5471698113207548,914,1021,9,10.25,13645256.00,92,,,False
FEMALE,1987,28,4.0,182,303,14,8.692307692307692,18001397.00,126,,,False
MALE,1973,21,62.8,249,1591,9,91.625,10566911.00,73,,,False
FEMALE,1972,27,32.0,62,910,8,110.14285714285714,11741455.00,81,,,False
MALE,1988,63,4.403225806451613,856,1164,13,23.0,17936251.00,119,,,False
FEMALE,1979,50,17.142857142857142,35,905,11,78.7,12541449.00,86,,,False
FEMALE,1994,34,14.06060606060606,1097,1575,11,41.3,11112576.00,75,,,False
FEMALE,2005,36,21.114285714285714,201,983,14,52.15384615384615,16176315.00,111,,,False
MALE,1986,23,10.363636363636363,403,646,9,22.0,13665408.00,92,,,False
MALE,1984,46,0.6888888888888889,40,89,15,2.7857142857142856,21922218.00,146,,,False
FEMALE,1972,59,1.9655172413793103,1224,1367,17,8.0,19162504.00,137,,,False
MALE,1979,43,15.142857142857142,204,880,12,56.81818181818182,17113622.00,117,,,False
MALE,1980,59,5.413793103448276,956,1300,15,23.214285714285715,16208064.00,109,,,False
FEMALE,1994,19,8.61111111111111,464,646,13,12.833333333333334,13769353.00,101,,,False
FEMALE,2003,42,16.634146341463413,892,1613,15,45.857142857142854,17674469.00,118,,,False
MALE,1971,33,17.15625,968,1544,9,55.25,13565230.00,96,,,False
MALE,1996,42,9.073170731707316,349,756,10,33.888888888888886,16767948.00,116,,,False
FEMALE,1981,27,13.73076923076923,2,391,11,30.9,16979897.00,107,,,False
MALE,1971,42,10.463414634146341,79,527,18,23.11764705882353,20333874.00,146,,,False
FEMALE,2000,41,1.775,202,295,8,9.0,9264286.00,66,,,False
FEMALE,1974,35,28.676470588235293,167,1178,10,103.0,10869888.00,76,,,False
MALE,1990,57,17.035714285714285,429,1427,14,61.84615384615385,19832750.00,139,,,False
MALE,1984,37,15.805555555555555,65,657,9,60.25,12124730.00,84,,,False
MALE,1996,15,4.428571428571429,103,177,8,3.857142857142857,10752928.00,71,,,False
MALE,2003,50,5.489795918367347,318,615,11,25.0,10839767.00,73,,,False
FEMALE,1971,50,14.183673469387756,61,807,13,53.583333333333336,21025926.00,142,,,False
MALE,2002,60,9.59322033898305,314,914,10,52.77777777777778,14049198.00,104,,,False
MALE,1970,61,13.25,212,1046,12,72.72727272727273,16129066.00,106,,,False
FEMALE,2003,59,6.137931034482759,31,419,9,41.0,13607098.00,93,,,False
MALE,1971,48,8.425531914893616,50,477,12,37.0,11348893.00,82,,,False
MALE,1988,26,1.32,195,241,9,4.5,11462033.00,76,,,False
FEMALE,1981,31,11.833333333333334,44,422,11,29.7,19835490.00,130,,,False
FEMALE,1985,27,6.461538461538462,114,323,8,18.571428571428573,7582480.00,57,,,False
FEMALE,2002,53,1.5576923076923077,685,790,8,10.857142857142858,4833547.00,35,,,False
MALE,1984,11,11.1,83,198,6,19.4,10842866.00,73,,,False
FEMALE,1970,35,29.11764705882353,120,1152,9,120.125,10991934.00,78,,,False
FEMALE,1990,18,19.647058823529413,1022,1380,5,69.0,9046099.00,62,,,False
MALE,1991,36,9.6,31,397,9,36.25,12944340.00,89,,,False
FEMALE,1993,29,7.892857142857143,1367,1619,7,38.833333333333336,8791534.00,60,,,False
MALE,1996,17,5.875,398,500,11,8.4,14226418.00,104,,,False
FEMALE,1998,50,17.836734693877553,158,1059,15,60.92857142857143,16732685.00,125,,,False
FEMALE,1991,33,10.6875,978,1339,15,22.928571428571427,21017596.00,148,,,False
MALE,1972,48,0.5531914893617021,86,136,11,3.8,15269975.00,108,,,False
MALE,1994,18,2.823529411764706,1180,1241,7,5.666666666666667,12575888.00,82,,,False
MALE,1992,60,0.11864406779661017,777,801,11,1.6,15781500.00,114,,,False
MALE,1975,16,19.466666666666665,830,1153,14,21.23076923076923,18962266.00,125,,,False
MALE,1985,59,1.1379310344827587,789,880,14,6.384615384615385,18790214.00,126,,,False
MALE,1999,33,8.0625,97,370,11,25.4,15509155.00,106,,,False
FEMALE,1983,52,1.803921568627451,64,177,18,6.0588235294117645,23241463.00,158,,,False
MALE,2008,45,1.9772727272727273,210,319,6,13.8,4528970.00,32,,,False
FEMALE,1987,28,2.4074074074074074,1522,1605,6,14.2,7974272.00,55,,,False
FEMALE,1971,52,13.235294117647058,83,784,16,40.93333333333333,18628169.00,130,,,False
FEMALE,1991,34,0.24242424242424243,431,453,11,1.4,12182653.00,84,,,False
FEMALE,2008,33,1.71875,19,91,8,9.142857142857142,9299687.00,62,,,False
MALE,1980,52,0.0196078431372549,11,22,13,0.3333333333333333,18293275.00,124,,,False
FEMALE,2004,21,25.25,167,703,11,50.8,18593371.00,126,,,False
MALE,1971,26,20.76,791,1354,15,35.92857142857143,25534322.00,172,,,False
MALE,2004,24,32.69565217391305,119,911,8,92.28571428571429,10049372.00,70,,,False
MALE,1986,26,0.68,442,466,11,1.9,14756204.00,101,,,False
MALE,1982,30,0.6551724137931034,813,843,13,2.0,19814170.00,137,,,False
MALE,1982,47,0.6304347826086957,722,771,10,4.777777777777778,11312806.00,73,,,False
FEMALE,1981,12,1.1818181818181819,1202,1219,10,1.2222222222222223,10956270.00,72,,,False
FEMALE,1987,26,36.0,541,1457,10,99.77777777777777,15135037.00,103,,,False
FEMALE,1975,61,16.316666666666666,469,1497,10,108.55555555555556,17062577.00,117,,,False
MALE,1982,58,18.07017543859649,345,1429,11,99.6,14114477.00,96,,,False
MALE,1972,58,19.596491228070175,141,1306,7,158.33333333333334,10436930.00,73,,,False
MALE,1991,28,0.18518518518518517,798,813,19,0.16666666666666666,23277418.00,163,,,False
FEMALE,1996,59,15.689655172413794,400,1345,13,72.5,11721225.00,84,,,False
MALE,1991,27,0.6538461538461539,394,421,13,1.4166666666666667,18433183.00,123,,,False
MALE,2002,48,1.446808510638298,99,188,9,8.625,10319293.00,69,,,False
FEMALE,1979,37,15.472222222222221,398,983,7,57.333333333333336,10381381.00,72,,,False
MALE,1993,53,4.096153846153846,662,901,11,22.4,16600382.00,109,,,False
FEMALE,2008,48,2.127659574468085,517,640,7,12.833333333333334,10615711.00,76,,,False
MALE,1975,24,0.21739130434782608,63,76,4,2.6666666666666665,3508370.00,25,,,False
FEMALE,2007,22,10.047619047619047,448,693,12,17.90909090909091,15934793.00,107,,,False
FEMALE,1995,30,0.20689655172413793,44,57,10,0.7777777777777778,12989654.00,93,,,False
FEMALE,1970,10,13.11111111111111,46,174,7,15.333333333333334,11020840.00,68,,,False
FEMALE,1991,35,3.0294117647058822,92,214,6,18.4,7580796.00,54,,,False
MALE,2003,45,4.159090909090909,128,333,8,24.285714285714285,11033006.00,75,,,False
FEMALE,1985,12,20.272727272727273,109,352,10,24.0,11292390.00,76,,,False
FEMALE,1976,60,6.389830508474576,1033,1445,19,21.72222222222222,28585673.00,194,,,False
FEMALE,1991,45,27.318181818181817,17,1248,9,111.875,6974119.00,45,,,False
MALE,1980,31,39.96666666666667,133,1354,6,215.0,7844792.00,59,,,False
MALE,1988,51,14.44,123,879,7,100.83333333333333,11890075.00,79,,,False
FEMALE,1999,32,41.32258064516129,220,1549,7,195.83333333333334,9546855.00,67,,,False
FEMALE,1970,32,10.419354838709678,98,453,10,30.0,16433158.00,108,,,False
FEMALE,2000,34,0.5151515151515151,33,64,5,4.75,6377218.00,43,,,False
MALE,1992,12,26.545454545454547,1245,1573,10,31.333333333333332,12451026.00,88,,,False
MALE,2000,26,22.76,934,1522,10,61.44444444444444,14630498.00,98,,,False
FEMALE,2010,49,0.5416666666666666,581,626,7,5.166666666666667,12498575.00,87,,,False
MALE,2001,64,7.714285714285714,384,908,14,35.84615384615385,16184949.00,114,,,False
MALE,1971,63,4.0,608,881,13,16.916666666666668,15983078.00,113,,,False
MALE,1976,65,4.0625,576,864,16,14.533333333333333,18063064.00,125,,,False
FEMALE,1998,51,3.62,466,687,9,20.75,10652883.00,77,,,False
MALE,1977,10,50.333333333333336,714,1402,6,75.4,7325375.00,47,,,False
FEMALE,2001,23,10.909090909090908,340,591,9,22.375,10675520.00,73,,,False
MALE,1995,13,41.0,929,1484,11,34.5,16574563.00,107,,,False
MALE,1989,48,19.27659574468085,519,1456,7,119.5,4405622.00,28,,,False
MALE,1995,29,15.571428571428571,1,487,11,41.7,13109862.00,89,,,False
FEMALE,1999,28,33.22222222222222,273,1225,11,66.1,12780246.00,84,,,False
MALE,1982,30,39.793103448275865,436,1624,9,115.375,16149966.00,115,,,False
MALE,1992,41,24.0,458,1474,5,188.0,9257010.00,61,,,False
FEMALE,2009,20,16.31578947368421,762,1111,13,20.5,18582751.00,124,,,False
MALE,1972,39,2.736842105263158,9,135,7,12.666666666666666,10679200.00,75,,,False
FEMALE,2007,57,10.392857142857142,150,776,8,68.28571428571429,9932312.00,70,,,False
FEMALE,2006,39,4.342105263157895,1459,1649,10,17.444444444444443,16421313.00,108,,,False
FEMALE,1978,20,33.421052631578945,548,1219,10,63.333333333333336,12556738.00,83,,,False
FEMALE,1974,24,8.73913043478261,699,935,9,24.125,13993046.00,98,,,False
FEMALE,1982,29,26.892857142857142,24,804,8,105.57142857142857,11844903.00,75,,,False
FEMALE,1981,47,0.0,12,12,13,0.0,18537630.00,124,,,False
MALE,1972,52,6.901960784313726,737,1137,11,35.1,12571849.00,83,,,False
MALE,1979,20,30.473684210526315,481,1072,9,65.0,14766948.00,98,,,False
MALE,1985,55,0.0,18,21,8,0.42857142857142855,8801939.00,65,,,False
FEMALE,1976,28,11.185185185185185,148,470,3,53.5,5047561.00,36,,,False
FEMALE,1983,28,8.666666666666666,587,839,11,18.3,17218152.00,115,,,False
FEMALE,1974,56,2.690909090909091,267,444,9,15.5,13386497.00,86,,,False
FEMALE,1978,42,0.0,39,48,11,0.4,11343092.00,78,,,False
MALE,2008,22,13.238095238095237,829,1129,13,22.0,14180209.00,101,,,False
FEMALE,1970,57,18.071428571428573,152,1201,13,71.08333333333333,22119411.00,148,,,False
FEMALE,1984,38,0.24324324324324326,69,93,9,1.625,9023463.00,64,,,False
MALE,1987,41,2.4,1122,1238,10,11.666666666666666,12344565.00,86,,,False
FEMALE,1978,15,29.0,385,857,11,35.3,13418633.00,97,,,False
MALE,2005,51,13.92,40,769,10,74.22222222222223,12062930.00,85,,,False
FEMALE,1994,32,17.838709677419356,744,1372,6,90.0,8527400.00,63,,,False
FEMALE,1999,46,0.3111111111111111,32,61,7,4.333333333333333,8693913.00,64,,,False
FEMALE,1985,17,66.1875,487,1620,9,107.125,12463549.00,85,,,False
MALE,2005,49,8.083333333333334,1058,1500,6,52.8,8172627.00,64,,,False
MALE,2000,30,22.413793103448278,905,1608,8,88.85714285714286,7081975.00,50,,,False
MALE,1993,52,4.882352941176471,1317,1619,10,25.11111111111111,15882363.00,114,,,False
FEMALE,1972,17,35.0,160,773,9,38.25,10368057.00,71,,,False
FEMALE,1977,11,24.0,775,1040,6,43.0,10448449.00,69,,,False
MALE,1974,32,22.35483870967742,126,837,8,77.0,12811223.00,87,,,False
MALE,2007,28,12.074074074074074,716,1061,13,27.0,15822834.00,107,,,False
FEMALE,1994,60,17.406779661016948,50,1122,9,122.375,11760940.00,79,,,False
FEMALE,2003,25,14.458333333333334,1120,1512,11,32.6,19428861.00,123,,,False
MALE,1993,34,15.909090909090908,58,603,15,34.07142857142857,14954952.00,108,,,False
FEMALE,2001,56,5.709090909090909,153,505,6,62.8,6797643.00,43,,,False
FEMALE,1981,58,4.859649122807017,778,1092,11,24.0,13739833.00,93,,,False
FEMALE,2000,20,30.31578947368421,696,1325,8,76.85714285714286,7819658.00,52,,,False
MALE,2007,47,8.956521739130435,903,1345,16,25.4,21666659.00,156,,,False
FEMALE,1975,19,8.88888888888889,142,310,8,22.571428571428573,10514819.00,70,,,False
MALE,1976,21,18.85,509,904,16,22.666666666666668,26508375.00,178,,,False
FEMALE,2005,26,19.8,535,1046,9,53.25,11482158.00,79,,,False
MALE,1977,40,0.46153846153846156,413,446,14,1.7692307692307692,20338193.00,143,,,False
FEMALE,1991,17,14.1875,71,320,8,21.857142857142858,12766674.00,82,,,False
FEMALE,2006,20,59.94736842105263,277,1508,12,100.81818181818181,13593005.00,94,,,False
FEMALE,1997,37,27.38888888888889,15,1065,12,87.0909090909091,15339278.00,103,,,False
MALE,2001,59,9.982758620689655,1025,1631,14,42.46153846153846,20190673.00,138,,,False
FEMALE,1974,21,0.1,396,402,11,0.2,11047983.00,77,,,False
MALE,1989,44,13.30232558139535,18,617,14,42.76923076923077,18966653.00,125,,,False
FEMALE,1993,26,22.92,383,975,10,57.77777777777778,11534252.00,75,,,False
FEMALE,2005,55,14.851851851851851,120,948,15,54.142857142857146,15553845.00,106,,,False
FEMALE,1999,57,2.5892857142857144,286,463,9,20.125,11946275.00,83,,,False
FEMALE,1987,15,0.7857142857142857,40,58,7,1.8333333333333333,9486795.00,66,,,False
MALE,1999,17,5.375,877,975,5,12.0,4112103.00,27,,,False
MALE,1977,39,6.473684210526316,914,1188,7,32.833333333333336,12719233.00,88,,,False
MALE,1996,34,9.636363636363637,276,613,11,25.4,14138428.00,97,,,False
FEMALE,2000,34,25.96969696969697,327,1200,9,79.875,10062291.00,65,,,False
MALE,1992,44,1.1627906976744187,144,212,10,4.888888888888889,12709927.00,83,,,False
MALE,1980,52,0.19607843137254902,58,84,6,3.6,11707284.00,81,,,False
MALE,1985,43,1.8333333333333333,1305,1401,8,9.857142857142858,10767075.00,77,,,False
MALE,1997,53,7.173076923076923,418,815,18,22.529411764705884,24476761.00,164,,,False
MALE,1999,27,1.4615384615384615,1016,1067,14,3.1538461538461537,16045683.00,108,,,False
FEMALE,1975,48,1.5106382978723405,125,219,6,14.8,7473861.00,52,,,False
FEMALE,1980,26,7.8,1282,1489,14,14.692307692307692,14596460.00,104,,,False
FEMALE,1986,56,1.7818181818181817,338,459,13,9.083333333333334,14629414.00,98,,,False
MALE,2009,11,22.3,324,629,9,24.25,11856367.00,82,,,False
MALE,1971,20,35.73684210526316,631,1333,9,71.0,13194247.00,96,,,False
FEMALE,1988,62,11.147540983606557,601,1322,12,55.81818181818182,12788905.00,88,,,False
MALE,1983,55,0.05555555555555555,719,737,8,1.2857142857142858,11993164.00,75,,,False
MALE,1974,41,0.2,134,158,7,3.1666666666666665,9778686.00,67,,,False
FEMALE,1994,57,0.19642857142857142,33,64,11,2.5,14746550.00,106,,,False
MALE,1990,25,26.333333333333332,487,1261,10,59.22222222222222,16590457.00,114,,,False
FEMALE,1975,55,18.11111111111111,157,1173,12,58.45454545454545,14146715.00,100,,,False
MALE,2001,44,20.046511627906977,534,1423,10,78.11111111111111,11515283.00,77,,,False
FEMALE,1978,33,0.0625,1096,1107,14,0.38461538461538464,16875711.00,113,,,False
FEMALE,1982,36,0.2,119,139,9,2.125,9159029.00,64,,,False
MALE,2005,20,5.526315789473684,1141,1256,12,9.363636363636363,15037231.00,100,,,False
MALE,1975,31,14.533333333333333,524,1000,13,32.916666666666664,21279510.00,152,,,False
FEMALE,1980,26,1.08,1129,1167,6,5.6,11813292.00,81,,,False
FEMALE,2009,24,21.608695652173914,237,746,10,54.888888888888886,14139851.00,101,,,False
MALE,1979,20,0.0,17,19,9,0.0,10338703.00,72,,,False
MALE,1996,58,12.543859649122806,573,1318,8,98.85714285714286,12498155.00,84,,,False
FEMALE,1994,55,19.685185185185187,223,1315,12,95.0,17473706.00,119,,,False
FEMALE,1979,8,31.428571428571427,12,295,5,32.0,5982320.00,39,,,False
FEMALE,1993,42,0.5365853658536586,717,753,7,3.6666666666666665,8226313.00,57,,,False
MALE,1986,55,8.75925925925926,5,509,12,42.36363636363637,18613255.00,135,,,False
MALE,1979,63,2.6451612903225805,179,368,12,13.636363636363637,11631917.00,79,,,False
FEMALE,1970,57,6.375,569,955,13,30.083333333333332,20625615.00,143,,,False
MALE,1982,37,2.0,587,677,12,5.2727272727272725,11919942.00,80,,,False
FEMALE,1993,39,0.18421052631578946,1159,1179,11,1.6,11588462.00,82,,,False
MALE,2000,36,17.17142857142857,892,1511,5,134.75,5534651.00,35,,,False
MALE,1974,46,1.9333333333333333,1366,1476,9,12.0,9038451.00,57,,,False
FEMALE,1975,29,0.4642857142857143,95,118,15,1.2857142857142858,19230781.00,127,,,False
MALE,1999,28,45.96296296296296,251,1607,7,139.83333333333334,13090207.00,87,,,False
MALE,1993,43,11.595238095238095,304,822,15,31.285714285714285,20225360.00,138,,,False
FEMALE,1988,35,28.823529411764707,258,1259,9,84.625,13436442.00,83,,,False
FEMALE,2003,56,1.0,69,152,9,6.375,9378962.00,65,,,False
MALE,1972,29,4.857142857142857,761,911,8,16.857142857142858,7426660.00,48,,,False
FEMALE,1983,21,16.45,516,875,8,44.0,7987746.00,56,,,False
FEMALE,1982,26,3.76,307,415,8,11.428571428571429,11531309.00,79,,,False
MALE,1995,21,29.65,93,709,8,65.0,9597479.00,69,,,False
MALE,1970,28,11.37037037037037,463,785,7,25.5,10524260.00,73,,,False
FEMALE,2006,52,6.352941176470588,1021,1380,10,38.333333333333336,14775880.00,100,,,False
MALE,1974,48,4.361702127659575,328,559,16,14.466666666666667,15681214.00,106,,,False
MALE,1987,11,2.7,63,94,5,7.0,6332817.00,42,,,False
FEMALE,2010,61,0.016666666666666666,22,35,13,0.5833333333333334,16771322.00,122,,,False
FEMALE,1970,45,0.13636363636363635,1614,1638,10,1.8888888888888888,8740025.00,63,,,False
MALE,1997,22,20.285714285714285,425,883,13,35.0,13717221.00,98,,,False
FEMALE,1996,34,0.18181818181818182,2,21,15,0.7142857142857143,17704399.00,121,,,False
MALE,2009,63,0.16129032258064516,1421,1452,13,1.25,18179189.00,121,,,False
MALE,1994,22,2.619047619047619,335,400,13,4.666666666666667,9616893.00,71,,,False
MALE,1998,45,8.318181818181818,441,830,11,28.5,16023837.00,115,,,False
FEMALE,1973,21,3.0,149,218,10,6.333333333333333,10049944.00,69,,,False
FEMALE,2003,26,41.2,384,1468,11,96.1,10544384.00,70,,,False
FEMALE,2004,56,15.472727272727273,91,971,11,78.2,13718177.00,98,,,False
FEMALE,2000,19,13.61111111111111,1355,1608,9,28.375,11477216.00,78,,,False
MALE,2009,20,26.63157894736842,652,1179,9,60.75,12288025.00,87,,,False
FEMALE,2009,41,18.275,213,978,14,52.30769230769231,17197387.00,119,,,False
FEMALE,1971,53,5.6923076923076925,441,767,4,36.0,4079627.00,29,,,False
FEMALE,1982,22,12.80952380952381,1254,1545,10,30.0,13103547.00,90,,,False
MALE,1981,11,38.9,808,1239,4,80.33333333333333,3196812.00,19,,,False
FEMALE,2009,42,0.0,-1,9,5,0.0,8605341.00,56,,,False
FEMALE,1985,16,48.86666666666667,108,851,4,103.0,5503022.00,38,,,False
MALE,2002,24,0.0,137,139,9,0.0,13480539.00,90,,,False
FEMALE,1987,41,25.825,358,1427,9,89.125,12352791.00,85,,,False
FEMALE,1971,38,0.02702702702702703,182,189,17,0.0625,22416490.00,148,,,False
MALE,1974,63,5.709677419354839,129,515,13,24.833333333333332,18281567.00,120,,,False
MALE,1995,45,3.0454545454545454,438,592,10,12.222222222222221,8174703.00,56,,,False
FEMALE,1991,33,41.3125,115,1480,14,91.76923076923077,18998149.00,132,,,False
FEMALE,1999,62,1.6557377049180328,71,202,13,8.666666666666666,19794995.00,131,,,False
FEMALE,2010,43,0.07142857142857142,1271,1285,11,0.4,12718878.00,88,,,False
FEMALE,1990,23,26.09090909090909,677,1321,13,45.916666666666664,19670268.00,140,,,False
MALE,1998,65,2.390625,116,303,14,11.846153846153847,15284819.00,103,,,False
MALE,1988,22,2.9523809523809526,218,289,9,7.0,9065099.00,61,,,False
FEMALE,1981,38,3.2972972972972974,1270,1411,6,21.4,7116064.00,46,,,False
MALE,2010,29,31.464285714285715,40,945,11,79.4,11202869.00,73,,,False
MALE,1986,29,19.714285714285715,117,682,11,53.8,14277057.00,92,,,False
MALE,1990,48,2.2127659574468086,484,614,12,6.909090909090909,15553708.00,103,,,False
MALE,1971,32,18.225806451612904,772,1370,8,71.85714285714286,8938145.00,61,,,False
FEMALE,1986,35,10.647058823529411,1051,1436,8,23.571428571428573,9953186.00,70,,,False
MALE,2009,58,6.368421052631579,1009,1404,11,29.1,12964687.00,90,,,False
FEMALE,1987,16,2.6666666666666665,345,394,9,5.25,12786914.00,88,,,False
FEMALE,1991,16,34.6,1121,1649,12,36.45454545454545,15054757.00,100,,,False
FEMALE,1998,58,0.22807017543859648,87,120,16,1.3333333333333333,20645437.00,137,,,False
FEMALE,2004,13,63.083333333333336,187,1080,11,67.9,13844769.00,93,,,False
FEMALE,1994,30,2.0,191,265,7,7.166666666666667,9277166.00,64,,,False
MALE,1976,49,3.1041666666666665,1064,1232,7,19.333333333333332,10193645.00,71,,,False
MALE,1974,41,13.775,348,930,6,106.6,5010910.00,32,,,False
FEMALE,1994,34,0.7878787878787878,1334,1373,10,2.7777777777777777,11908608.00,84,,,False
FEMALE,1995,28,7.444444444444445,394,625,12,18.818181818181817,11960010.00,85,,,False
FEMALE,1994,52,0.37254901960784315,131,167,10,3.3333333333333335,15009473.00,106,,,False
FEMALE,1977,54,12.547169811320755,560,1261,8,68.14285714285714,14583879.00,98,,,False
MALE,1995,45,15.113636363636363,921,1616,10,70.33333333333333,11487383.00,80,,,False
FEMALE,2005,44,13.883720930232558,93,720,4,181.66666666666666,7450132.00,51,,,False
MALE,2007,19,25.0,85,548,12,30.636363636363637,17240015.00,119,,,False
MALE,1974,21,3.45,24,103,7,12.333333333333334,9332711.00,65,,,False
FEMALE,1972,20,18.210526315789473,590,975,13,22.833333333333332,16330038.00,111,,,False
MALE,1995,25,2.625,9,82,8,7.428571428571429,8723235.00,62,,,False
MALE,1973,53,19.01923076923077,381,1410,11,92.5,13593602.00,101,,,False
FEMALE,1992,12,130.0,134,1591,8,178.28571428571428,10989378.00,77,,,False
MALE,2004,13,5.166666666666667,434,503,9,5.375,13053583.00,88,,,False
FEMALE,1989,60,18.74576271186441,371,1606,11,107.2,13697007.00,95,,,False
FEMALE,2004,63,3.903225806451613,869,1141,17,11.375,19221855.00,128,,,False
MALE,1973,55,7.462962962962963,208,650,9,48.875,11057332.00,75,,,False
MALE,2003,61,9.0,660,1246,14,39.76923076923077,20278090.00,133,,,False
FEMALE,2000,33,17.875,731,1327,14,39.23076923076923,19277206.00,126,,,False
FEMALE,1996,23,68.5909090909091,50,1575,6,264.6,5854474.00,39,,,False
FEMALE,2004,12,44.27272727272727,530,1126,9,54.5,8870440.00,60,,,False
FEMALE,1993,51,15.94,232,1055,10,76.44444444444444,12721458.00,88,,,False
MALE,1977,24,9.434782608695652,643,883,6,35.6,8411543.00,55,,,False
FEMALE,2005,36,3.1714285714285713,543,672,11,11.5,12681848.00,88,,,False
MALE,1973,32,1.064516129032258,941,988,11,3.9,15180206.00,102,,,False
MALE,2009,47,17.347826086956523,146,971,10,69.66666666666667,14945470.00,104,,,False
FEMALE,1978,55,18.64814814814815,34,1105,9,115.125,13152425.00,93,,,False
MALE,1997,20,13.210526315789474,54,320,12,22.727272727272727,17133996.00,120,,,False
FEMALE,1984,39,0.868421052631579,134,183,11,4.5,12926750.00,90,,,False
FEMALE,1973,16,28.0,592,1049,11,37.2,15432320.00,109,,,False
MALE,1997,48,15.127659574468085,579,1339,10,67.77777777777777,13889146.00,93,,,False
FEMALE,2008,36,26.0,1,954,11,72.6,14855499.00,97,,,False
FEMALE,1989,40,15.820512820512821,527,1166,13,49.333333333333336,19969303.00,135,,,False
MALE,2010,38,12.324324324324325,262,745,11,35.6,16485395.00,108,,,False
FEMALE,1984,37,17.555555555555557,667,1318,7,105.5,8302057.00,54,,,False
FEMALE,1974,60,7.864406779661017,78,575,9,58.375,9776490.00,65,,,False
FEMALE,1982,51,13.68,37,756,8,88.28571428571429,9884555.00,66,,,False
MALE,1980,41,2.075,891,991,12,7.363636363636363,13203495.00,93,,,False
MALE,1971,54,5.528301886792453,317,661,9,38.125,10238653.00,68,,,False
MALE,1985,28,9.592592592592593,440,721,8,30.857142857142858,10477411.00,71,,,False
MALE,2003,27,18.153846153846153,977,1468,7,46.333333333333336,9115845.00,61,,,False
MALE,1992,62,8.918032786885245,109,694,13,36.75,16742424.00,115,,,False
FEMALE,1975,33,13.8125,430,892,14,33.23076923076923,17819091.00,123,,,False
FEMALE,2000,47,0.0,1408,1415,15,0.14285714285714285,18649531.00,123,,,False
MALE,2005,46,10.688888888888888,679,1190,15,33.42857142857143,20786940.00,139,,,False
FEMALE,1993,40,29.076923076923077,38,1213,6,158.4,4873785.00,32,,,False
FEMALE,1989,53,5.1923076923076925,661,952,12,23.818181818181817,14949865.00,102,,,False
FEMALE,2007,45,2.477272727272727,99,234,5,18.0,4104525.00,28,,,False
MALE,2007,17,30.5625,98,656,8,60.285714285714285,8420707.00,58,,,False
FEMALE,1973,63,0.0,5,7,14,0.0,21680300.00,152,,,False
MALE,1995,34,10.090909090909092,215,579,9,39.375,9621528.00,63,,,False
FEMALE,1972,48,9.404255319148936,466,929,11,43.3,12164946.00,87,,,False
FEMALE,2007,46,1.511111111111111,1190,1281,5,19.0,10617096.00,71,,,False
FEMALE,1981,18,4.529411764705882,219,303,7,6.166666666666667,8214321.00,53,,,False
FEMALE,1980,24,12.173913043478262,324,643,7,42.0,9002882.00,61,,,False
FEMALE,2010,10,12.777777777777779,198,339,8,13.285714285714286,11890964.00,83,,,False
MALE,1991,42,7.073170731707317,663,969,7,45.833333333333336,8563854.00,62,,,False
FEMALE,1993,61,0.0,49,57,12,0.18181818181818182,15493822.00,103,,,False
FEMALE,2004,36,5.114285714285714,348,557,11,18.0,10767899.00,78,,,False
MALE,2005,27,2.8846153846153846,49,136,11,7.6,14544519.00,107,,,False
FEMALE,1983,42,0.3902439024390244,416,448,8,3.4285714285714284,11881630.00,73,,,False
FEMALE,1976,17,7.0625,1057,1194,11,11.4,15589554.00,103,,,False
MALE,2003,41,0.0,1186,1186,5,0.0,5715364.00,41,,,False
MALE,2000,13,4.166666666666667,573,638,11,4.8,13756066.00,98,,,False
MALE,1997,19,15.333333333333334,288,607,15,16.428571428571427,16986455.00,113,,,False
MALE,1971,52,18.666666666666668,437,1413,13,80.16666666666667,17715670.00,115,,,False
FEMALE,2001,53,27.01923076923077,65,1540,7,163.5,10525758.00,73,,,False
MALE,1994,51,16.7,707,1592,9,78.25,9562096.00,63,,,False
MALE,1973,33,0.03125,544,551,6,1.0,6980284.00,45,,,False
FEMALE,1984,38,3.5135135135135136,578,730,11,13.9,12548720.00,87,,,False
FEMALE,1992,26,22.72,288,913,11,48.5,15847034.00,103,,,False
MALE,1994,37,12.916666666666666,552,1047,9,43.375,11171017.00,87,,,False
FEMALE,1982,21,7.9,673,843,5,36.5,6671942.00,45,,,False
FEMALE,1970,36,9.971428571428572,315,687,12,28.636363636363637,20617062.00,137,,,False
FEMALE,1973,44,1.302325581395349,339,419,15,4.428571428571429,20559270.00,136,,,False
MALE,2005,50,6.510204081632653,5,368,8,46.857142857142854,14059878.00,96,,,False
FEMALE,2005,27,19.076923076923077,896,1414,8,40.142857142857146,8585633.00,60,,,False
MALE,1995,36,26.857142857142858,62,1021,9,114.25,11378841.00,74,,,False
MALE,1987,26,0.04,761,768,13,0.25,12904605.00,87,,,False
FEMALE,1999,38,2.4324324324324325,365,480,11,10.2,17135276.00,116,,,False
FEMALE,1989,20,20.57894736842105,200,624,12,28.545454545454547,12347943.00,90,,,False
MALE,1972,27,1.2307692307692308,170,213,6,5.8,11892221.00,82,,,False
MALE,2010,49,6.1875,622,943,16,17.266666666666666,23456542.00,154,,,False
FEMALE,2009,28,4.962962962962963,825,977,11,10.8,13064445.00,89,,,False
MALE,1980,61,2.5,1113,1294,14,12.615384615384615,15486006.00,109,,,False
FEMALE,1973,26,49.24,273,1527,8,117.42857142857143,13800378.00,95,,,False
MALE,1988,45,5.5,222,491,17,14.75,20729827.00,145,,,False
FEMALE,1977,55,0.12962962962962962,70,96,7,2.8333333333333335,10083203.00,65,,,False
MALE,1995,46,2.8666666666666667,156,309,5,16.5,4004359.00,26,,,False
MALE,2000,21,2.25,277,335,6,7.0,6476129.00,46,,,False
MALE,1990,21,7.55,12,172,6,14.6,7768787.00,49,,,False
FEMALE,2009,45,7.590909090909091,1073,1454,14,23.76923076923077,19856970.00,139,,,False
MALE,1988,27,25.96153846153846,374,1127,5,143.0,7277914.00,52,,,False
FEMALE,1988,32,17.64516129032258,156,726,8,61.142857142857146,10949692.00,70,,,False
MALE,2003,60,0.1016949152542373,99,123,11,1.4,17180673.00,114,,,False
FEMALE,1982,47,0.6304347826086957,368,414,10,4.222222222222222,12130188.00,82,,,False
MALE,2007,23,1.5909090909090908,869,914,8,4.857142857142857,11663141.00,80,,,False
FEMALE,1999,41,19.275,191,1026,11,65.7,15135709.00,104,,,False
FEMALE,1977,51,2.82,530,692,10,16.555555555555557,16994754.00,109,,,False
MALE,1972,56,9.618181818181819,792,1354,9,50.625,12115770.00,86,,,False
FEMALE,2004,11,24.8,1362,1622,9,25.75,12863596.00,88,,,False
MALE,1977,34,7.878787878787879,247,531,17,16.125,26116943.00,174,,,False
MALE,1980,53,6.134615384615385,326,673,11,27.4,11858431.00,84,,,False
MALE,2009,27,31.46153846153846,145,1119,9,90.625,14073011.00,95,,,False
MALE,1990,60,2.9661016949152543,20,221,12,16.818181818181817,17802804.00,127,,,False
FEMALE,2005,22,21.666666666666668,372,847,14,32.61538461538461,16696095.00,108,,,False
FEMALE,1975,24,14.130434782608695,463,810,16,19.8,28171941.00,188,,,False
MALE,2007,13,31.0,566,958,7,53.166666666666664,6377623.00,46,,,False
MALE,1989,8,39.57142857142857,344,653,6,42.8,8579767.00,59,,,False
FEMALE,2001,32,0.6451612903225806,320,351,7,4.166666666666667,8357927.00,57,,,False
MALE,2007,45,2.3636363636363638,306,433,15,7.357142857142857,18035769.00,121,,,False
FEMALE,1971,16,6.266666666666667,1408,1514,11,8.8,12383354.00,84,,,False
MALE,1977,25,39.708333333333336,170,1150,11,73.0,14006344.00,100,,,False
MALE,1998,61,6.5,468,901,12,30.454545454545453,13876353.00,94,,,False
MALE,1979,34,4.151515151515151,545,725,12,9.636363636363637,19215376.00,136,,,False
FEMALE,1990,21,61.15,339,1600,13,86.83333333333333,15521861.00,104,,,False
FEMALE,1984,31,5.3,220,417,4,16.0,5803745.00,38,,,False
FEMALE,1993,50,6.714285714285714,1174,1530,10,28.0,11080711.00,76,,,False
MALE,2006,18,9.294117647058824,604,774,11,14.5,15640971.00,111,,,False
MALE,1991,8,37.42857142857143,442,730,5,65.0,9772457.00,69,,,False
MALE,2006,27,23.807692307692307,540,1172,13,49.916666666666664,15953975.00,105,,,False
MALE,2003,27,7.884615384615385,1128,1352,10,20.11111111111111,8979846.00,65,,,False
FEMALE,2006,36,0.6,1286,1323,14,2.3076923076923075,19516882.00,137,,,False
MALE,1982,18,43.470588235294116,331,1115,6,91.4,8062835.00,55,,,False
FEMALE,2010,54,5.566037735849057,-1,320,11,27.3,9392141.00,66,,,False
FEMALE,1999,29,19.5,872,1446,6,99.2,8034700.00,56,,,False
MALE,1973,45,10.136363636363637,94,580,7,47.666666666666664,8423290.00,57,,,False
FEMALE,1996,54,5.226415094339623,264,569,6,47.4,6810967.00,47,,,False
FEMALE,1978,25,3.6666666666666665,379,477,9,9.375,12131331.00,82,,,False
FEMALE,1985,40,7.153846153846154,165,460,9,27.125,14459512.00,95,,,False
MALE,1995,36,27.34285714285714,246,1271,10,104.55555555555556,14291202.00,96,,,False
MALE,1975,19,34.611111111111114,887,1575,11,60.5,15270125.00,99,,,False
MALE,2002,45,17.75,575,1379,5,132.5,8888686.00,58,,,False
MALE,1990,28,5.703703703703703,1083,1252,10,14.777777777777779,10747747.00,75,,,False
MALE,1974,45,19.772727272727273,193,1105,9,87.375,11591648.00,81,,,False
MALE,1994,43,3.238095238095238,49,205,13,9.166666666666666,16435748.00,117,,,False
FEMALE,2001,9,0.5,476,483,7,0.3333333333333333,7985266.00,53,,,False
MALE,1994,17,45.5625,717,1522,14,53.0,17020888.00,121,,,False
MALE,1978,30,10.03448275862069,298,602,12,21.272727272727273,15082075.00,98,,,False
FEMALE,1978,50,1.9795918367346939,752,876,8,10.857142857142858,9497073.00,63,,,False
MALE,1978,41,16.1,363,1037,11,63.3,11667821.00,84,,,False
MALE,1977,12,53.45454545454545,622,1254,9,72.0,17012892.00,112,,,False
FEMALE,1991,53,2.6538461538461537,596,760,14,10.538461538461538,25646043.00,176,,,False
MALE,2007,56,5.509090909090909,980,1311,12,27.727272727272727,14342304.00,98,,,False
MALE,1972,19,36.27777777777778,851,1562,16,40.86666666666667,23442648.00,160,,,False
FEMALE,1976,49,12.5,943,1576,12,46.90909090909091,13432675.00,95,,,False
MALE,1995,33,12.34375,859,1285,14,27.153846153846153,21224764.00,149,,,False
FEMALE,1975,24,46.608695652173914,152,1347,9,119.875,16508018.00,106,,,False
FEMALE,1986,21,5.8,660,798,12,10.727272727272727,14717228.00,100,,,False
FEMALE,1982,18,8.941176470588236,335,497,11,15.0,13249201.00,90,,,False
MALE,1981,21,7.25,37,224,12,13.454545454545455,12508987.00,85,,,False
MALE,1971,37,17.444444444444443,810,1478,10,64.0,14278863.00,101,,,False
MALE,1992,45,0.3409090909090909,139,170,12,1.3636363636363635,20447079.00,137,,,False
FEMALE,1982,32,0.0,471,473,19,0.0,33495378.00,225,,,False
FEMALE,1972,25,0.6666666666666666,301,326,8,3.142857142857143,9678736.00,69,,,False
FEMALE,1993,31,0.7,1444,1478,6,4.4,5560664.00,37,,,False
FEMALE,2005,16,2.3333333333333335,411,457,8,2.0,12353825.00,86,,,False
MALE,1983,34,21.060606060606062,265,1005,9,86.75,8268521.00,56,,,False
MALE,1982,27,5.961538461538462,121,304,7,18.666666666666668,10187054.00,72,,,False
MALE,1990,39,15.973684210526315,670,1326,13,42.0,16563787.00,114,,,False
MALE,1992,66,9.861538461538462,803,1482,17,35.375,22088578.00,160,,,False
FEMALE,2008,37,13.083333333333334,10,517,10,51.111111111111114,12764021.00,90,,,False
FEMALE,1997,12,49.63636363636363,91,691,8,72.57142857142857,13901671.00,94,,,False
FEMALE,1985,59,0.017241379310344827,87,99,10,0.6666666666666666,13979027.00,92,,,False
MALE,1997,56,0.43636363636363634,53,98,9,4.5,12484150.00,83,,,False
FEMALE,1995,24,1.608695652173913,35,85,9,3.875,7371417.00,52,,,False
FEMALE,1984,55,0.018518518518518517,1248,1260,10,1.0,17431315.00,119,,,False
MALE,1997,58,8.192982456140351,284,776,13,36.0,16219000.00,105,,,False
FEMALE,1977,32,7.096774193548387,205,447,10,22.666666666666668,15983130.00,103,,,False
FEMALE,1993,14,7.538461538461538,367,492,9,11.125,9599037.00,66,,,False
MALE,1996,10,2.2222222222222223,1214,1244,7,3.1666666666666665,6571243.00,41,,,False
MALE,2008,15,3.2857142857142856,917,976,7,6.0,9221659.00,65,,,False
FEMALE,1984,43,1.119047619047619,228,297,11,6.0,13190038.00,84,,,False
FEMALE,1997,56,4.163636363636364,140,400,10,18.22222222222222,7554280.00,52,,,False
FEMALE,2010,22,0.7619047619047619,154,177,8,1.2857142857142858,13418968.00,87,,,False
FEMALE,1996,32,46.903225806451616,147,1616,15,89.78571428571429,17965694.00,123,,,False
FEMALE,1981,39,4.7631578947368425,833,1031,5,17.0,6629233.00,43,,,False
FEMALE,2004,11,25.7,350,624,7,24.666666666666668,9935117.00,65,,,False
FEMALE,1977,26,17.4,68,519,8,60.57142857142857,13660991.00,89,,,False
MALE,1987,27,6.576923076923077,607,795,10,18.555555555555557,13833885.00,97,,,False
FEMALE,2004,25,12.875,293,628,11,29.7,15222151.00,103,,,False
MALE,2003,20,40.89473684210526,68,922,13,46.5,17004518.00,114,,,False
FEMALE,1998,59,4.672413793103448,938,1236,10,28.0,11960386.00,81,,,False
MALE,1975,39,13.421052631578947,378,917,3,96.5,3375991.00,25,,,False
FEMALE,1994,13,88.75,221,1340,7,170.0,11473115.00,81,,,False
FEMALE,1979,26,36.52,241,1282,9,93.0,14281149.00,96,,,False
MALE,2005,57,6.214285714285714,218,595,15,21.428571428571427,16629464.00,111,,,False
MALE,1978,36,13.2,601,1110,9,57.375,14014992.00,89,,,False
FEMALE,1993,23,15.727272727272727,1009,1380,8,36.57142857142857,11933082.00,78,,,False
MALE,1985,41,18.85,514,1318,10,81.11111111111111,16770558.00,111,,,False
FEMALE,2008,45,16.09090909090909,519,1286,11,69.2,13510860.00,93,,,False
FEMALE,1996,47,18.47826086956522,162,1219,8,108.57142857142857,8748206.00,63,,,False
FEMALE,1991,45,0.2727272727272727,296,326,7,2.0,8062164.00,58,,,False
FEMALE,2005,26,12.4,909,1243,10,31.88888888888889,8824705.00,62,,,False
FEMALE,1999,51,5.78,146,458,9,33.75,10434524.00,73,,,False
FEMALE,2010,21,3.7,993,1087,13,6.583333333333333,20137483.00,132,,,False
FEMALE,1991,62,1.7377049180327868,659,791,17,7.375,22130745.00,154,,,False
FEMALE,1984,54,4.0754716981132075,1330,1575,12,18.90909090909091,13355102.00,94,,,False
FEMALE,2009,19,5.555555555555555,146,257,7,11.833333333333334,8783820.00,61,,,False
MALE,2000,25,1.75,911,964,16,3.066666666666667,20766423.00,138,,,False
FEMALE,1973,36,10.17142857142857,390,767,7,51.333333333333336,8733321.00,57,,,False
FEMALE,1974,31,11.466666666666667,247,611,7,31.666666666666668,8326447.00,55,,,False
FEMALE,1988,41,8.025,205,562,12,27.545454545454547,15356402.00,102,,,False
FEMALE,1972,37,12.75,209,705,12,34.27272727272727,17179683.00,122,,,False
MALE,1979,33,0.1875,61,78,9,1.125,12806679.00,88,,,False
MALE,1979,25,1.0,103,138,11,2.3,16467373.00,114,,,False
MALE,1971,26,9.24,79,332,9,28.5,15118293.00,101,,,False
FEMALE,2002,32,10.64516129032258,755,1118,11,29.1,10888615.00,74,,,False
FEMALE,2000,56,1.309090909090909,124,222,10,8.11111111111111,9836300.00,67,,,False
MALE,1979,62,1.2622950819672132,977,1080,16,6.2,22184662.00,143,,,False
FEMALE,1994,63,5.225806451612903,222,578,18,18.058823529411764,20305458.00,136,,,False
MALE,1977,11,6.5,117,191,4,23.0,6184768.00,42,,,False
FEMALE,1995,33,11.59375,454,841,15,23.214285714285715,21320143.00,143,,,False
MALE,2008,58,9.649122807017545,187,776,8,76.0,8715720.00,56,,,False
FEMALE,1985,61,0.21666666666666667,149,183,15,1.3571428571428572,20841601.00,143,,,False
MALE,1994,21,4.8,1405,1512,13,8.25,16813349.00,111,,,False
FEMALE,2000,41,11.375,686,1174,10,37.55555555555556,12284683.00,83,,,False
MALE,1986,26,17.8,766,1227,5,75.25,6623229.00,46,,,False
FEMALE,1999,27,36.88461538461539,3,1064,6,166.8,8273727.00,59,,,False
FEMALE,2010,36,12.17142857142857,1105,1577,8,43.57142857142857,12530728.00,85,,,False
FEMALE,2010,30,51.44827586206897,25,1560,14,109.46153846153847,18900942.00,130,,,False
MALE,1994,41,13.95,235,820,9,55.875,10789249.00,76,,,False
MALE,1987,10,94.44444444444444,160,1171,7,135.33333333333334,12381767.00,80,,,False
FEMALE,1980,14,0.23076923076923078,116,124,11,0.2,15870936.00,112,,,False
FEMALE,1986,56,12.8,632,1375,9,82.125,8236368.00,56,,,False
MALE,1984,57,1.3392857142857142,214,316,7,13.166666666666666,9503498.00,66,,,False
FEMALE,2001,33,4.28125,51,206,7,18.333333333333332,10831618.00,75,,,False
FEMALE,2002,61,0.8333333333333334,377,452,10,6.222222222222222,8338894.00,55,,,False
FEMALE,2004,27,6.730769230769231,598,784,11,12.7,19204603.00,127,,,False
MALE,1994,28,32.592592592592595,262,1180,10,95.33333333333333,16847606.00,116,,,False
FEMALE,2009,69,1.911764705882353,903,1062,18,8.705882352941176,18854278.00,133,,,False
FEMALE,1977,46,4.066666666666666,56,272,6,20.2,8147937.00,61,,,False
FEMALE,1993,40,1.641025641025641,535,619,8,11.285714285714286,9469886.00,63,,,False
FEMALE,2002,21,39.6,152,1018,10,83.33333333333333,13830227.00,95,,,False
MALE,1975,43,5.857142857142857,617,898,7,39.333333333333336,10535897.00,63,,,False
MALE,1994,37,6.555555555555555,83,341,5,30.5,4507565.00,30,,,False
MALE,2006,24,48.391304347826086,305,1455,12,94.81818181818181,15048190.00,105,,,False
MALE,1970,48,16.46808510638298,517,1324,11,60.5,9421405.00,67,,,False
MALE,1981,35,3.5588235294117645,744,882,12,11.636363636363637,14157722.00,92,,,False
FEMALE,1994,52,10.823529411764707,139,771,8,71.71428571428571,7945948.00,55,,,False
FEMALE,1999,45,0.9318181818181818,347,409,6,9.6,8161962.00,56,,,False
MALE,1970,24,19.869565217391305,102,576,11,44.1,12554037.00,93,,,False
MALE,1985,36,19.97142857142857,371,1089,5,72.75,8004071.00,52,,,False
FEMALE,1987,38,1.2702702702702702,1333,1403,13,4.25,16044865.00,109,,,False
FEMALE,1994,43,9.119047619047619,949,1386,11,29.0,13707086.00,91,,,False
FEMALE,2008,36,3.085714285714286,100,247,5,19.0,5315660.00,41,,,False
FEMALE,2009,57,4.267857142857143,42,309,9,24.875,12574216.00,85,,,False
FEMALE,1978,30,19.862068965517242,235,887,6,96.4,10020513.00,67,,,False
FEMALE,1982,12,7.7272727272727275,224,321,8,10.0,9755677.00,66,,,False
FEMALE,1993,28,4.148148148148148,147,274,13,8.833333333333334,17280082.00,123,,,False
FEMALE,2003,18,14.647058823529411,0,274,11,25.4,15307239.00,101,,,False
MALE,1978,42,21.951219512195124,680,1615,5,102.75,6395457.00,43,,,False
FEMALE,1999,43,14.428571428571429,39,716,11,48.8,15644134.00,102,,,False
MALE,1973,15,9.214285714285714,1488,1629,9,15.875,9865454.00,73,,,False
FEMALE,1998,35,7.970588235294118,1095,1397,10,27.0,14964943.00,103,,,False
MALE,2002,23,18.181818181818183,906,1356,7,58.5,9548617.00,64,,,False
MALE,1993,46,0.022222222222222223,493,506,16,0.26666666666666666,22543079.00,156,,,False
FEMALE,1983,42,1.829268292682927,164,265,11,8.1,16154417.00,108,,,False
FEMALE,1987,66,15.430769230769231,433,1482,15,64.71428571428571,20601092.00,140,,,False
FEMALE,1981,16,53.4,172,989,12,66.36363636363636,17224680.00,122,,,False
MALE,2004,52,14.568627450980392,79,871,11,65.6,11904612.00,80,,,False
MALE,2000,24,25.47826086956522,1031,1642,7,89.5,6524317.00,45,,,False
FEMALE,2001,15,53.357142857142854,834,1601,10,80.33333333333333,16912099.00,115,,,False
FEMALE,2000,27,28.76923076923077,571,1359,9,72.5,11553605.00,80,,,False
FEMALE,1999,33,0.09375,847,859,12,0.36363636363636365,20003114.00,132,,,False
MALE,1971,52,5.882352941176471,263,592,6,57.2,5938236.00,38,,,False
MALE,1970,19,5.888888888888889,196,312,11,10.8,18412731.00,127,,,False
FEMALE,1999,31,29.5,583,1512,10,94.33333333333333,10817446.00,74,,,False
FEMALE,2001,15,0.07142857142857142,1032,1035,6,0.2,3859515.00,27,,,False
FEMALE,1971,45,5.5,671,936,11,24.7,12467845.00,82,,,False
MALE,2003,58,23.54385964912281,8,1391,11,110.5,12950697.00,87,,,False
FEMALE,1997,54,2.30188679245283,1432,1582,5,27.25,7462622.00,51,,,False
MALE,1974,40,5.3076923076923075,366,595,10,22.22222222222222,17227031.00,120,,,False
MALE,2001,45,0.20454545454545456,32,57,11,1.3,13125583.00,93,,,False
FEMALE,1999,60,2.9491525423728815,335,541,11,18.5,17829669.00,120,,,False
FEMALE,2004,42,4.073170731707317,539,722,8,21.0,9645286.00,72,,,False
FEMALE,1999,38,28.783783783783782,432,1540,6,118.8,8318763.00,59,,,False
FEMALE,1980,28,4.333333333333333,25,153,7,17.666666666666668,8070540.00,56,,,False
FEMALE,1982,25,4.125,95,217,8,13.0,10386219.00,68,,,False
FEMALE,1979,38,2.4324324324324325,544,652,11,9.9,10800544.00,77,,,False
MALE,1972,41,6.2,393,692,4,45.333333333333336,4528190.00,30,,,False
MALE,2007,63,8.5,845,1405,13,42.916666666666664,12923890.00,86,,,False
MALE,1998,47,0.15217391304347827,1044,1070,9,1.75,16252346.00,104,,,False
MALE,2006,39,25.63157894736842,191,1202,12,83.18181818181819,17802474.00,124,,,False
FEMALE,1979,29,23.535714285714285,287,975,9,81.375,13465941.00,90,,,False
FEMALE,1975,36,5.171428571428572,101,299,15,13.071428571428571,18193221.00,122,,,False
MALE,1981,37,5.833333333333333,312,544,12,17.454545454545453,13820284.00,96,,,False
FEMALE,1984,31,9.8,210,555,12,26.454545454545453,16065434.00,111,,,False
MALE,2009,47,6.130434782608695,245,545,12,23.818181818181817,19160919.00,132,,,False
FEMALE,1979,19,9.166666666666666,429,601,10,18.0,9931475.00,68,,,False
FEMALE,2004,19,49.888888888888886,196,1131,12,81.18181818181819,20646632.00,148,,,False
MALE,1989,49,16.291666666666668,650,1455,10,74.0,11650195.00,80,,,False
MALE,1973,44,16.209302325581394,425,1153,9,86.625,10008071.00,67,,,False
MALE,2004,54,13.132075471698114,335,1071,5,134.75,6516297.00,43,,,False
MALE,1977,19,24.166666666666668,354,806,6,49.6,7280665.00,53,,,False
FEMALE,1980,57,20.142857142857142,211,1387,9,140.125,7844466.00,52,,,False
MALE,2005,16,5.666666666666667,148,280,7,14.333333333333334,10484444.00,68,,,False
FEMALE,1998,31,4.466666666666667,507,657,13,9.083333333333334,18638868.00,129,,,False
FEMALE,1983,21,10.95,991,1229,8,30.0,10348268.00,72,,,False
MALE,2004,59,0.5,56,106,9,1.75,10906990.00,77,,,False
MALE,1985,19,4.222222222222222,87,173,10,5.666666666666667,7662819.00,51,,,False
FEMALE,2002,18,16.235294117647058,422,712,6,52.8,6910489.00,46,,,False
MALE,1997,44,9.418604651162791,113,558,9,52.5,9765346.00,70,,,False
FEMALE,2008,37,6.527777777777778,174,431,4,31.666666666666668,6157052.00,39,,,False
MALE,1970,35,0.4411764705882353,124,154,11,1.9,18239738.00,118,,,False
FEMALE,1986,28,34.03703703703704,276,1230,11,87.1,15869273.00,105,,,False
FEMALE,1987,19,48.05555555555556,340,1225,6,124.8,8193741.00,58,,,False
FEMALE,1985,24,30.82608695652174,0,776,5,136.5,6712167.00,44,,,False
MALE,1978,44,0.023255813953488372,115,128,14,0.46153846153846156,23188264.00,154,,,False
FEMALE,1998,22,35.38095238095238,502,1272,5,165.25,7091797.00,45,,,False
FEMALE,1985,42,14.268292682926829,473,1090,9,66.0,13920276.00,88,,,False
MALE,1985,17,1.125,27,52,13,1.4166666666666667,20415139.00,136,,,False
FEMALE,1986,10,3.0,1608,1639,5,4.75,5094229.00,39,,,False
MALE,2008,25,1.2916666666666667,469,511,6,4.0,4258339.00,28,,,False
FEMALE,1986,29,16.785714285714285,1125,1635,12,43.18181818181818,18294392.00,129,,,False
FEMALE,1972,38,6.1891891891891895,1223,1475,9,17.0,12286118.00,87,,,False
MALE,1979,60,2.610169491525424,358,542,13,13.916666666666666,12523501.00,88,,,False
MALE,1986,37,0.0,367,372,6,0.2,6873618.00,46,,,False
FEMALE,1987,50,3.7755102040816326,685,897,8,21.428571428571427,12862857.00,87,,,False
MALE,1973,52,8.019607843137255,478,925,6,78.0,8258281.00,62,,,False
MALE,1971,35,7.264705882352941,484,752,12,21.818181818181817,14613372.00,101,,,False
FEMALE,1991,22,34.04761904761905,305,1097,8,81.57142857142857,10153747.00,69,,,False
FEMALE,1995,43,3.9285714285714284,203,388,9,15.0,14586776.00,99,,,False
MALE,1981,27,1.5769230769230769,168,223,7,5.666666666666667,8380863.00,57,,,False
MALE,1981,53,3.4615384615384617,118,327,12,17.272727272727273,13041546.00,91,,,False
MALE,1971,36,17.8,671,1325,9,61.75,14072978.00,97,,,False
MALE,1980,28,27.444444444444443,79,884,8,56.714285714285715,8563156.00,57,,,False
FEMALE,1978,42,3.7804878048780486,432,606,8,13.571428571428571,11650332.00,78,,,False
FEMALE,1989,12,35.27272727272727,88,494,8,41.42857142857143,10314684.00,75,,,False
MALE,1993,30,6.241379310344827,12,210,8,27.285714285714285,10865017.00,71,,,False
FEMALE,1982,59,12.810344827586206,26,799,10,69.66666666666667,9987537.00,77,,,False
FEMALE,1992,56,0.45454545454545453,107,151,14,2.5384615384615383,19336820.00,132,,,False
MALE,1983,23,0.18181818181818182,4,14,14,0.3076923076923077,18629055.00,124,,,False
FEMALE,1998,41,5.575,1182,1428,9,17.375,9698744.00,70,,,False
MALE,2010,50,13.63265306122449,441,1135,10,75.88888888888889,12905565.00,91,,,False
FEMALE,1991,34,0.0,155,156,14,0.0,14827965.00,105,,,False
MALE,1972,55,10.166666666666666,47,652,10,49.77777777777778,14284938.00,94,,,False
MALE,1989,17,35.9375,181,874,12,52.18181818181818,21100908.00,152,,,False
FEMALE,1994,37,1.5,284,356,11,5.9,13306266.00,88,,,False
FEMALE,1987,43,9.761904761904763,802,1254,12,35.45454545454545,12560941.00,88,,,False
MALE,2002,2,0.0,0,0,0,,0,0,,,False
